S10001,ORD5001,2025-03-04,C2043,P1030,5,4994.96,0,0.00,24974.80,Site Visit / Contractor Order,Cheque,Completed
S10002,ORD5001,2025-03-04,C2043,P1036,2,4892.01,0,0.00,9784.02,Site Visit / Contractor Order,Cash,Completed
S10003,ORD5001,2025-03-04,C2043,P1050,38,315.82,0,0.00,12001.16,Site Visit / Contractor Order,Cheque,Completed
S10004,ORD5001,2025-03-04,C2043,P1023,2,274.90,5,27.49,522.31,Site Visit / Contractor Order,Cheque,Completed
S10005,ORD5002,2026-01-26,C2036,P1010,22,43.54,0,0.00,957.88,Site Visit / Contractor Order,Bank Transfer,Completed
S10006,ORD5003,2026-09-01,C2019,P1051,2,188.54,0,0.00,377.08,Website,Cash,Completed
S10007,ORD5004,2024-12-17,C2110,P1020,4,257.12,5,51.42,977.06,Site Visit / Contractor Order,Debit Card,Completed
S10008,ORD5004,2024-12-17,C2110,P1021,2,479.49,5,47.95,911.03,Site Visit / Contractor Order,Debit Card,Completed
S10009,ORD5005,2026-07-04,C2073,P1026,3,7306.62,0,0.00,21919.86,Showroom,Cash,Cancelled
S10010,ORD5005,2026-07-04,C2073,P1045,4,2349.19,10,939.68,8457.08,Showroom,Cash,Cancelled
S10011,ORD5005,2026-07-04,C2073,P1004,29,157.89,0,0.00,4578.81,Showroom,Cash,Cancelled
S10012,ORD5005,2026-07-04,C2073,P1032,4,8120.08,0,0.00,32480.32,Showroom,Cash,Cancelled
S10013,ORD5006,2024-04-05,C2118,P1015,5,1318.46,5,329.62,6262.68,Phone Order,Cheque,Returned
S10014,ORD5006,2024-04-05,C2118,P1042,3,16071.09,0,0.00,48213.27,Phone Order,Cheque,Returned
S10015,ORD5006,2024-04-05,C2118,P1054,11,177.02,15,292.08,1655.14,Phone Order,Cheque,Returned
S10016,ORD5006,2024-04-05,C2118,P1026,3,7306.62,15,3287.98,18631.88,Phone Order,Cheque,Returned
S10017,ORD5007,2024-11-09,C2032,P1009,12,43.74,0,0.00,524.88,Phone Order,Cash,Completed
S10018,ORD5008,2024-02-07,C2033,P1015,4,1318.46,5,263.69,5010.15,Phone Order,Debit Card,Completed
S10019,ORD5008,2024-02-07,C2033,P1008,16,43.90,0,0.00,702.40,Phone Order,Debit Card,Completed
S10020,ORD5008,2024-02-07,C2033,P1063,29,112.97,0,0.00,3276.13,Phone Order,Debit Card,Completed
S10021,ORD5008,2024-02-07,C2033,P1042,4,16071.09,0,0.00,64284.36,Phone Order,Debit Card,Completed
S10022,ORD5008,2024-02-07,C2033,P1061,4,35.53,10,14.21,127.91,Phone Order,Debit Card,Completed
S10023,ORD5009,2025-03-05,C2025,P1037,3,11451.05,0,0.00,34353.15,Phone Order,UPI,Completed
S10024,ORD5010,2026-01-15,C2075,P1010,34,43.54,0,0.00,1480.36,Site Visit / Contractor Order,Cash,Completed
S10025,ORD5010,2026-01-15,C2075,P1007,14,50.91,15,106.91,605.83,Site Visit / Contractor Order,Cash,Completed
S10026,ORD5011,2025-01-12,C2080,P1055,18,55.79,0,0.00,1004.22,Site Visit / Contractor Order,Debit Card,Cancelled
S10027,ORD5011,2025-01-12,C2080,P1006,1,147.09,0,0.00,147.09,Site Visit / Contractor Order,Debit Card,Cancelled
S10028,ORD5011,2025-01-12,C2080,P1013,6,431.88,0,0.00,2591.28,Site Visit / Contractor Order,Debit Card,Cancelled
S10029,ORD5011,2025-01-12,C2080,P1056,21,107.71,5,113.10,2148.81,Site Visit / Contractor Order,Debit Card,Cancelled
S10030,ORD5012,2025-03-07,C2022,P1006,7,147.09,0,0.00,1029.63,Website,Cheque,Completed
S10031,ORD5012,2025-03-07,C2022,P1035,1,9670.80,0,0.00,9670.80,Website,Cheque,Completed
S10032,ORD5013,2026-06-07,C2006,P1055,21,55.79,0,0.00,1171.59,Showroom,Cheque,Completed
S10033,ORD5013,2026-06-07,C2006,P1013,2,431.88,0,0.00,863.76,Showroom,Cheque,Completed
S10034,ORD5014,2025-01-21,C2085,P1011,4,60.67,0,0.00,242.68,Phone Order,Cheque,Returned
S10035,ORD5014,2025-01-21,C2085,P1021,1,479.49,0,0.00,479.49,Phone Order,Cheque,Returned
S10036,ORD5014,2025-01-21,C2085,P1058,12,123.88,5,74.33,1412.23,Phone Order,Cheque,Returned
S10037,ORD5014,2025-01-21,C2085,P1046,6,3804.20,15,3423.78,19401.42,Phone Order,Cheque,Returned
S10038,ORD5014,2025-01-21,C2085,P1061,16,35.53,0,0.00,568.48,Phone Order,Cheque,Returned
S10039,ORD5015,2026-07-11,C2095,P1042,5,16071.09,0,0.00,80355.45,Website,Credit (30 days),Cancelled
S10040,ORD5015,2026-07-11,C2095,P1016,6,1091.69,15,982.52,5567.62,Website,Credit (30 days),Cancelled
S10041,ORD5015,2026-07-11,C2095,P1025,3,613.26,10,183.98,1655.80,Website,Credit (30 days),Cancelled
S10042,ORD5015,2026-07-11,C2095,P1060,34,129.76,5,220.59,4191.25,Website,Credit (30 days),Cancelled
S10043,ORD5015,2026-07-11,C2095,P1013,3,431.88,5,64.78,1230.86,Website,Credit (30 days),Cancelled
S10044,ORD5016,2025-11-04,C2060,P1007,5,50.91,0,0.00,254.55,Site Visit / Contractor Order,Cash,Pending
S10045,ORD5017,2025-11-27,C2105,P1004,2,157.89,0,0.00,315.78,Site Visit / Contractor Order,Debit Card,Cancelled
S10046,ORD5017,2025-11-27,C2105,P1008,3,43.90,5,6.58,125.12,Site Visit / Contractor Order,Debit Card,Cancelled
S10047,ORD5017,2025-11-27,C2105,P1047,5,2185.83,0,0.00,10929.15,Site Visit / Contractor Order,Debit Card,Cancelled
S10048,ORD5017,2025-11-27,C2105,P1054,30,177.02,5,265.53,5045.07,Site Visit / Contractor Order,Debit Card,Cancelled
S10049,ORD5017,2025-11-27,C2105,P1001,21,133.12,0,0.00,2795.52,Site Visit / Contractor Order,Debit Card,Cancelled
S10050,ORD5018,2026-09-13,C2039,P1042,6,16071.09,5,4821.33,91605.21,Showroom,Cash,Completed
S10051,ORD5018,2026-09-13,C2039,P1019,6,264.47,10,158.68,1428.14,Showroom,Cash,Completed
S10052,ORD5019,2025-05-25,C2039,P1045,1,2349.19,0,0.00,2349.19,Site Visit / Contractor Order,Credit Card,Cancelled
S10053,ORD5019,2025-05-25,C2039,P1005,20,77.51,0,0.00,1550.20,Site Visit / Contractor Order,Credit Card,Cancelled
S10054,ORD5019,2025-05-25,C2039,P1010,6,43.54,0,0.00,261.24,Site Visit / Contractor Order,Credit Card,Cancelled
S10055,ORD5019,2025-05-25,C2039,P1046,3,3804.20,0,0.00,11412.60,Site Visit / Contractor Order,Credit Card,Cancelled
S10056,ORD5020,2024-04-20,C2053,P1049,24,84.28,5,101.14,1921.58,Phone Order,Cheque,Completed
S10057,ORD5020,2024-04-20,C2053,P1012,2,51.71,15,15.51,87.91,Phone Order,Cheque,Completed
S10058,ORD5021,2024-06-06,C2047,P1046,4,3804.20,0,0.00,15216.80,Phone Order,UPI,Cancelled
S10059,ORD5021,2024-06-06,C2047,P1004,30,157.89,10,473.67,4263.03,Phone Order,UPI,Cancelled
S10060,ORD5021,2024-06-06,C2047,P1059,25,72.77,10,181.93,1637.32,Phone Order,UPI,Cancelled
S10061,ORD5022,2024-02-05,C2029,P1034,5,2889.86,0,0.00,14449.30,Website,Credit (30 days),Returned
S10062,ORD5022,2024-02-05,C2029,P1054,29,177.02,0,0.00,5133.58,Website,Credit (30 days),Returned
S10063,ORD5022,2024-02-05,C2029,P1061,1,35.53,0,0.00,35.53,Website,Credit (30 days),Returned
S10064,ORD5023,2024-07-13,C2037,P1059,28,72.77,0,0.00,2037.56,Site Visit / Contractor Order,Credit Card,Completed
S10065,ORD5023,2024-07-13,C2037,P1006,27,147.09,0,0.00,3971.43,Site Visit / Contractor Order,Credit Card,Completed
S10066,ORD5023,2024-07-13,C2037,P1025,2,613.26,5,61.33,1165.19,Site Visit / Contractor Order,Credit Card,Completed
S10067,ORD5024,2026-05-13,C2050,P1054,13,177.02,0,0.00,2301.26,Site Visit / Contractor Order,Credit (30 days),Completed
S10068,ORD5024,2026-05-13,C2050,P1033,5,2158.06,0,0.00,10790.30,Site Visit / Contractor Order,Credit (30 days),Completed
S10069,ORD5024,2026-05-13,C2050,P1028,6,9015.25,15,8113.73,45977.77,Site Visit / Contractor Order,Credit (30 days),Completed
S10070,ORD5024,2026-05-13,C2050,P1043,2,3079.11,15,923.73,5234.49,Site Visit / Contractor Order,Credit (30 days),Completed
S10071,ORD5024,2026-05-13,C2050,P1030,6,4994.96,0,0.00,29969.76,Site Visit / Contractor Order,Credit (30 days),Completed
S10072,ORD5025,2025-11-15,C2006,P1049,13,84.28,15,164.35,931.29,Showroom,UPI,Cancelled
S10073,ORD5026,2024-06-14,C2077,P1049,26,84.28,0,0.00,2191.28,Showroom,Bank Transfer,Completed
S10074,ORD5026,2024-06-14,C2077,P1050,15,315.82,15,710.60,4026.70,Showroom,Bank Transfer,Completed
S10075,ORD5026,2024-06-14,C2077,P1007,27,50.91,5,68.73,1305.84,Showroom,Bank Transfer,Completed
S10076,ORD5027,2026-09-03,C2110,P1036,1,4892.01,15,733.80,4158.21,Site Visit / Contractor Order,Cash,Completed
S10077,ORD5027,2026-09-03,C2110,P1061,12,35.53,0,0.00,426.36,Site Visit / Contractor Order,Cash,Completed
S10078,ORD5028,2025-05-04,C2016,P1017,6,736.61,0,0.00,4419.66,Phone Order,Credit (30 days),Pending
S10079,ORD5028,2025-05-04,C2016,P1034,6,2889.86,0,0.00,17339.16,Phone Order,Credit (30 days),Pending
S10080,ORD5028,2025-05-04,C2016,P1031,4,5662.37,5,1132.47,21517.01,Phone Order,Credit (30 days),Pending
S10081,ORD5028,2025-05-04,C2016,P1003,24,136.23,0,0.00,3269.52,Phone Order,Credit (30 days),Pending
S10082,ORD5029,2025-09-20,C2094,P1007,35,50.91,0,0.00,1781.85,Website,Bank Transfer,Completed
S10083,ORD5029,2025-09-20,C2094,P1039,5,17126.44,10,8563.22,77068.98,Website,Bank Transfer,Completed
S10084,ORD5029,2025-09-20,C2094,P1059,24,72.77,0,0.00,1746.48,Website,Bank Transfer,Completed
S10085,ORD5029,2025-09-20,C2094,P1053,39,214.82,0,0.00,8377.98,Website,Bank Transfer,Completed
S10086,ORD5030,2026-04-14,C2013,P1031,4,5662.37,0,0.00,22649.48,Website,Bank Transfer,Completed
S10087,ORD5031,2024-08-03,C2002,P1019,2,264.47,5,26.45,502.49,Showroom,UPI,Cancelled
S10088,ORD5031,2024-08-03,C2002,P1043,5,3079.11,0,0.00,15395.55,Showroom,UPI,Cancelled
S10089,ORD5031,2024-08-03,C2002,P1061,13,35.53,5,23.09,438.80,Showroom,UPI,Cancelled
S10090,ORD5031,2024-08-03,C2002,P1027,4,9174.46,0,0.00,36697.84,Showroom,UPI,Cancelled
S10091,ORD5031,2024-08-03,C2002,P1051,31,188.54,10,584.47,5260.27,Showroom,UPI,Cancelled
S10092,ORD5032,2025-04-14,C2085,P1056,20,107.71,0,0.00,2154.20,Phone Order,Cash,Pending
S10093,ORD5032,2025-04-14,C2085,P1062,11,121.84,0,0.00,1340.24,Phone Order,Cash,Pending
S10094,ORD5032,2025-04-14,C2085,P1017,1,736.61,0,0.00,736.61,Phone Order,Cash,Pending
S10095,ORD5033,2025-08-18,C2011,P1032,6,8120.08,0,0.00,48720.48,Website,Bank Transfer,Pending
S10096,ORD5033,2025-08-18,C2011,P1042,1,16071.09,15,2410.66,13660.43,Website,Bank Transfer,Pending
S10097,ORD5033,2025-08-18,C2011,P1001,9,133.12,0,0.00,1198.08,Website,Bank Transfer,Pending
S10098,ORD5033,2025-08-18,C2011,P1037,3,11451.05,0,0.00,34353.15,Website,Bank Transfer,Pending
S10099,ORD5034,2025-09-04,C2031,P1019,6,264.47,10,158.68,1428.14,Showroom,Credit (30 days),Completed
S10100,ORD5035,2026-03-22,C2009,P1008,20,43.90,5,43.90,834.10,Showroom,UPI,Cancelled
S10101,ORD5035,2026-03-22,C2009,P1014,2,950.32,10,190.06,1710.58,Showroom,UPI,Cancelled
S10102,ORD5035,2026-03-22,C2009,P1054,40,177.02,10,708.08,6372.72,Showroom,UPI,Cancelled
S10103,ORD5036,2024-07-30,C2057,P1036,3,4892.01,15,2201.40,12474.63,Phone Order,Cash,Pending
S10104,ORD5036,2024-07-30,C2057,P1021,2,479.49,10,95.90,863.08,Phone Order,Debit Card,Pending
S10105,ORD5036,2024-07-30,C2057,P1049,27,84.28,0,0.00,2275.56,Phone Order,Debit Card,Pending
S10106,ORD5036,2024-07-30,C2057,P1043,5,3079.11,0,0.00,15395.55,Phone Order,Debit Card,Pending
S10107,ORD5037,2025-08-31,C2051,P1010,2,43.54,15,13.06,74.02,Site Visit / Contractor Order,Debit Card,Cancelled
S10108,ORD5037,2025-08-31,C2051,P1026,4,7306.62,0,0.00,29226.48,Site Visit / Contractor Order,Debit Card,Cancelled
S10109,ORD5037,2025-08-31,C2051,P1019,4,264.47,5,52.89,1004.99,Site Visit / Contractor Order,Debit Card,Cancelled
S10110,ORD5037,2025-08-31,C2051,P1028,2,9015.25,0,0.00,18030.50,Site Visit / Contractor Order,Debit Card,Cancelled
S10111,ORD5037,2025-08-31,C2051,P1038,4,17932.15,5,3586.43,68142.17,Site Visit / Contractor Order,Debit Card,Cancelled
S10112,ORD5038,2025-08-20,C2062,P1059,18,72.77,15,196.48,1113.38,Showroom,Credit Card,Completed
S10113,ORD5038,2025-08-20,C2062,P1015,3,1318.46,5,197.77,3757.61,Showroom,Credit Card,Completed
S10114,ORD5039,2024-07-10,C2009,P1059,8,72.77,0,0.00,582.16,Phone Order,UPI,Completed
S10115,ORD5039,2024-07-10,C2009,P1014,1,950.32,0,0.00,950.32,Phone Order,UPI,Completed
S10116,ORD5039,2024-07-10,C2009,P1035,1,9670.80,5,483.54,9187.26,Phone Order,UPI,Completed
S10117,ORD5039,2024-07-10,C2009,P1001,14,133.12,0,0.00,1863.68,Phone Order,UPI,Completed
S10118,ORD5039,2024-07-10,C2009,P1026,2,7306.62,5,730.66,13882.58,Phone Order,UPI,Completed
S10119,ORD5040,2024-09-07,C2007,P1057,20,129.53,15,388.59,2202.01,Phone Order,Debit Card,Cancelled
S10120,ORD5040,2024-09-07,C2007,P1020,6,257.12,15,231.41,1311.31,Phone Order,Debit Card,Cancelled
S10121,ORD5040,2024-09-07,C2007,P1045,4,2349.19,0,0.00,9396.76,Phone Order,Debit Card,Cancelled
S10122,ORD5040,2024-09-07,C2007,P1015,1,1318.46,0,0.00,1318.46,Phone Order,Debit Card,Cancelled
S10123,ORD5040,2024-09-07,C2007,P1047,5,2185.83,0,0.00,10929.15,Phone Order,Debit Card,Cancelled
S10124,ORD5041,2025-10-17,C2084,P1048,2,3312.78,10,662.56,5963.00,Showroom,Credit (30 days),Completed
S10125,ORD5041,2025-10-17,C2084,P1052,32,180.78,10,578.50,5206.46,Showroom,Credit (30 days),Completed
S10126,ORD5041,2025-10-17,C2084,P1005,19,77.51,0,0.00,1472.69,Showroom,Credit (30 days),Completed
S10127,ORD5041,2025-10-17,C2084,P1045,5,2349.19,0,0.00,11745.95,Showroom,Credit (30 days),Completed
S10128,ORD5042,2026-03-22,C2050,P1055,8,55.79,10,44.63,401.69,Phone Order,Credit (30 days),Returned
S10129,ORD5042,2026-03-22,C2050,P1004,29,157.89,5,228.94,4349.87,Phone Order,Credit (30 days),Returned
S10130,ORD5043,2026-06-04,C2075,P1038,4,17932.15,5,3586.43,68142.17,Site Visit / Contractor Order,Bank Transfer,Returned
S10131,ORD5044,2026-01-13,C2067,P1058,12,123.88,0,0.00,1486.56,Phone Order,Cash,Completed
S10132,ORD5044,2026-01-13,C2067,P1012,13,51.71,0,0.00,672.23,Phone Order,Cash,Completed
S10133,ORD5044,2026-01-13,C2067,P1028,2,9015.25,0,0.00,18030.50,Phone Order,Cash,Completed
S10134,ORD5045,2024-01-14,C2001,P1044,4,718.54,5,143.71,2730.45,Phone Order,Credit (30 days),Returned
S10135,ORD5045,2024-01-14,C2001,P1039,5,17126.44,0,0.00,85632.20,Phone Order,Credit (30 days),Returned
S10136,ORD5045,2024-01-14,C2001,P1063,31,112.97,0,0.00,3502.07,Phone Order,Credit (30 days),Returned
S10137,ORD5045,2024-01-14,C2001,P1005,10,77.51,10,77.51,697.59,Phone Order,Credit (30 days),Returned
S10138,ORD5046,2025-12-14,C2068,P1018,2,389.15,0,0.00,778.30,Showroom,Cash,Completed
S10139,ORD5046,2025-12-14,C2068,P1026,5,7306.62,10,3653.31,32879.79,Showroom,Cash,Completed
S10140,ORD5046,2025-12-14,C2068,P1004,14,157.89,5,110.52,2099.94,Showroom,Cash,Completed
S10141,ORD5047,2024-01-25,C2082,P1042,6,16071.09,5,4821.33,91605.21,Phone Order,Credit (30 days),Completed
S10142,ORD5047,2024-01-25,C2082,P1007,28,50.91,0,0.00,1425.48,Phone Order,Credit (30 days),Completed
S10143,ORD5048,2026-02-27,C2090,P1006,1,147.09,0,0.00,147.09,Phone Order,Bank Transfer,Completed
S10144,ORD5049,2026-02-20,C2046,P1051,38,188.54,10,716.45,6448.07,Site Visit / Contractor Order,Cash,Completed
S10145,ORD5049,2026-02-20,C2046,P1053,19,214.82,0,0.00,4081.58,Site Visit / Contractor Order,Cash,Completed
S10146,ORD5049,2026-02-20,C2046,P1061,36,35.53,0,0.00,1279.08,Site Visit / Contractor Order,Cash,Completed
S10147,ORD5050,2025-12-19,C2103,P1041,3,3937.79,10,1181.34,10632.03,Site Visit / Contractor Order,Credit (30 days),Pending
S10148,ORD5050,2025-12-19,C2103,P1038,2,17932.15,15,5379.65,30484.65,Site Visit / Contractor Order,Credit (30 days),Pending
S10149,ORD5050,2025-12-19,C2103,P1031,6,5662.37,15,5096.13,28878.09,Site Visit / Contractor Order,Credit (30 days),Pending
S10150,ORD5051,2026-04-18,C2114,P1015,3,1318.46,0,0.00,3955.38,Showroom,Credit Card,Pending
S10151,ORD5051,2026-04-18,C2114,P1010,23,43.54,5,50.07,951.35,Showroom,Credit Card,Pending
S10152,ORD5052,2026-04-02,C2061,P1049,21,84.28,0,0.00,1769.88,Showroom,UPI,Completed
S10153,ORD5052,2026-04-02,C2061,P1026,2,7306.62,0,0.00,14613.24,Showroom,UPI,Completed
S10154,ORD5052,2026-04-02,C2061,P1001,20,133.12,0,0.00,2662.40,Showroom,UPI,Completed
S10155,ORD5052,2026-04-02,C2061,P1014,2,950.32,0,0.00,1900.64,Showroom,UPI,Completed
S10156,ORD5052,2026-04-02,C2061,P1006,19,147.09,0,0.00,2794.71,Showroom,UPI,Completed
S10157,ORD5053,2024-08-21,C2021,P1010,40,43.54,0,0.00,1741.60,Website,Credit (30 days),Completed
S10158,ORD5053,2024-08-21,C2021,P1033,6,2158.06,0,0.00,12948.36,Website,Credit (30 days),Completed
S10159,ORD5054,2025-03-24,C2108,P1043,6,3079.11,0,0.00,18474.66,Showroom,Debit Card,Completed
S10160,ORD5055,2024-06-19,C2032,P1048,1,3312.78,10,331.28,2981.50,Showroom,Bank Transfer,Pending
S10161,ORD5056,2025-10-12,C2095,P1033,5,2158.06,0,0.00,10790.30,Showroom,Cheque,Completed
S10162,ORD5056,2025-10-12,C2095,P1025,4,613.26,10,245.30,2207.74,Showroom,Cheque,Completed
S10163,ORD5056,2025-10-12,C2095,P1022,3,550.30,5,82.55,1568.35,Showroom,Cheque,Completed
S10164,ORD5056,2025-10-12,C2095,P1019,2,264.47,0,0.00,528.94,Showroom,Cheque,Completed
S10165,ORD5057,2024-11-17,C2019,P1013,5,431.88,0,0.00,2159.40,Website,Credit (30 days),Completed
S10166,ORD5057,2024-11-17,C2019,P1039,6,17126.44,5,5137.93,97620.71,Website,Credit (30 days),Completed
S10167,ORD5057,2024-11-17,C2019,P1051,30,188.54,15,848.43,4807.77,Website,Credit (30 days),Completed
S10168,ORD5057,2024-11-17,C2019,P1019,5,264.47,5,66.12,1256.23,Website,Credit (30 days),Completed
S10169,ORD5058,2024-10-13,C2065,P1018,6,389.15,0,0.00,2334.90,Phone Order,Cheque,Cancelled
S10170,ORD5058,2024-10-13,C2065,P1002,15,122.29,10,183.44,1650.91,Phone Order,Cheque,Cancelled
S10171,ORD5058,2024-10-13,C2065,P1056,12,107.71,0,0.00,1292.52,Phone Order,Cheque,Cancelled
S10172,ORD5059,2024-07-08,C2095,P1028,2,9015.25,10,1803.05,16227.45,Website,Credit (30 days),Pending
S10173,ORD5059,2024-07-08,C2095,P1058,39,123.88,0,0.00,4831.32,Website,Credit (30 days),Pending
S10174,ORD5059,2024-07-08,C2095,P1013,5,431.88,0,0.00,2159.40,Website,Credit (30 days),Pending
S10175,ORD5059,2024-07-08,C2095,P1003,35,136.23,0,0.00,4768.05,Website,Credit (30 days),Pending
S10176,ORD5060,2026-02-27,C2057,P1049,40,84.28,0,0.00,3371.20,Phone Order,Cheque,Completed
S10177,ORD5060,2026-02-27,C2057,P1014,1,950.32,10,95.03,855.29,Phone Order,Cheque,Completed
S10178,ORD5060,2026-02-27,C2057,P1047,4,2185.83,5,437.17,8306.15,Phone Order,Cheque,Completed
S10179,ORD5060,2026-02-27,C2057,P1052,17,180.78,0,0.00,3073.26,Phone Order,Cheque,Completed
S10180,ORD5061,2026-01-20,C2069,P1052,22,180.78,0,0.00,3977.16,Phone Order,Cash,Returned
S10181,ORD5061,2026-01-20,C2069,P1019,3,264.47,0,0.00,793.41,Phone Order,Cash,Returned
S10182,ORD5061,2026-01-20,C2069,P1010,15,43.54,0,0.00,653.10,Phone Order,Cash,Returned
S10183,ORD5062,2026-03-26,C2019,P1053,39,214.82,0,0.00,8377.98,Phone Order,UPI,Pending
S10184,ORD5062,2026-03-26,C2019,P1018,1,389.15,0,0.00,389.15,Phone Order,UPI,Pending
S10185,ORD5062,2026-03-26,C2019,P1058,37,123.88,0,0.00,4583.56,Phone Order,UPI,Pending
S10186,ORD5062,2026-03-26,C2019,P1005,26,77.51,0,0.00,2015.26,Phone Order,UPI,Pending
S10187,ORD5062,2026-03-26,C2019,P1048,4,3312.78,0,0.00,13251.12,Phone Order,UPI,Pending
S10188,ORD5063,2024-07-09,C2049,P1059,25,72.77,15,272.89,1546.36,Site Visit / Contractor Order,Cheque,Returned
S10189,ORD5063,2024-07-09,C2049,P1047,6,2185.83,5,655.75,12459.23,Site Visit / Contractor Order,Cheque,Returned
S10190,ORD5063,2024-07-09,C2049,P1017,2,736.61,0,0.00,1473.22,Site Visit / Contractor Order,Cheque,Returned
S10191,ORD5063,2024-07-09,C2049,P1010,22,43.54,0,0.00,957.88,Site Visit / Contractor Order,Cheque,Returned
S10192,ORD5064,2026-03-30,C2070,P1003,26,136.23,0,0.00,3541.98,Website,Bank Transfer,Completed
S10193,ORD5064,2026-03-30,C2070,P1033,5,2158.06,10,1079.03,9711.27,Website,Bank Transfer,Completed
S10194,ORD5064,2026-03-30,C2070,P1017,5,736.61,0,0.00,3683.05,Website,Bank Transfer,Completed
S10195,ORD5064,2026-03-30,C2070,P1048,1,3312.78,0,0.00,3312.78,Website,Bank Transfer,Completed
S10196,ORD5065,2025-04-07,C2019,P1017,1,736.61,10,73.66,662.95,Site Visit / Contractor Order,Credit (30 days),Completed
S10197,ORD5065,2025-04-07,C2019,P1029,3,5539.10,10,1661.73,14955.57,Site Visit / Contractor Order,Credit (30 days),Completed
S10198,ORD5065,2025-04-07,C2019,P1022,5,550.30,0,0.00,2751.50,Site Visit / Contractor Order,Credit (30 days),Completed
S10199,ORD5065,2025-04-07,C2019,P1044,6,718.54,0,0.00,4311.24,Site Visit / Contractor Order,Credit (30 days),Completed
S10200,ORD5065,2025-04-07,C2019,P1007,22,50.91,5,56.00,1064.02,Site Visit / Contractor Order,Credit (30 days),Completed
S10201,ORD5066,2026-03-18,C2020,P1049,6,84.28,10,50.57,455.11,Website,Credit (30 days),Pending
S10202,ORD5066,2026-03-18,C2020,P1062,8,121.84,0,0.00,974.72,Website,Credit (30 days),Pending
S10203,ORD5066,2026-03-18,C2020,P1034,4,2889.86,15,1733.92,9825.52,Website,Credit (30 days),Pending
S10204,ORD5067,2024-12-03,C2004,P1054,9,177.02,0,0.00,1593.18,Site Visit / Contractor Order,UPI,Cancelled
S10205,ORD5067,2024-12-03,C2004,P1050,5,315.82,5,78.95,1500.15,Site Visit / Contractor Order,UPI,Cancelled
S10206,ORD5067,2024-12-03,C2004,P1014,4,950.32,0,0.00,3801.28,Site Visit / Contractor Order,UPI,Cancelled
S10207,ORD5068,2025-06-12,C2062,P1047,4,2185.83,5,437.17,8306.15,Phone Order,Cash,Pending
S10208,ORD5068,2025-06-12,C2062,P1016,2,1091.69,5,109.17,2074.21,Phone Order,Cash,Pending
S10209,ORD5068,2025-06-12,C2062,P1010,14,43.54,0,0.00,609.56,Phone Order,Cash,Pending
S10210,ORD5068,2025-06-12,C2062,P1046,6,3804.20,5,1141.26,21683.94,Phone Order,Cash,Pending
S10211,ORD5068,2025-06-12,C2062,P1009,39,43.74,0,0.00,1705.86,Phone Order,Cash,Pending
S10212,ORD5069,2024-07-21,C2002,P1045,5,2349.19,10,1174.60,10571.35,Showroom,Debit Card,Completed
S10213,ORD5070,2026-08-01,C2045,P1031,4,5662.37,0,0.00,22649.48,Showroom,Cheque,Pending
S10214,ORD5070,2026-08-01,C2045,P1042,3,16071.09,0,0.00,48213.27,Showroom,Cheque,Pending
S10215,ORD5071,2024-01-26,C2076,P1010,32,43.54,0,0.00,1393.28,Showroom,Bank Transfer,Completed
S10216,ORD5072,2025-04-20,C2010,P1045,1,2349.19,10,234.92,2114.27,Showroom,Bank Transfer,Pending
S10217,ORD5072,2025-04-20,C2010,P1038,3,17932.15,0,0.00,53796.45,Showroom,Bank Transfer,Pending
S10218,ORD5072,2025-04-20,C2010,P1049,9,84.28,0,0.00,758.52,Showroom,Bank Transfer,Pending
S10219,ORD5073,2024-09-27,C2050,P1001,17,133.12,0,0.00,2263.04,Phone Order,Debit Card,Cancelled
S10220,ORD5073,2024-09-27,C2050,P1050,6,315.82,15,284.24,1610.68,Phone Order,Debit Card,Cancelled
S10221,ORD5073,2024-09-27,C2050,P1034,4,2889.86,10,1155.94,10403.50,Phone Order,Debit Card,Cancelled
S10222,ORD5073,2024-09-27,C2050,P1040,6,10577.02,15,9519.32,53942.80,Phone Order,Debit Card,Cancelled
S10223,ORD5073,2024-09-27,C2050,P1033,6,2158.06,15,1942.25,11006.11,Phone Order,Debit Card,Cancelled
S10224,ORD5074,2026-03-27,C2114,P1016,5,1091.69,0,0.00,5458.45,Site Visit / Contractor Order,Cheque,Returned
S10225,ORD5074,2026-03-27,C2114,P1056,17,107.71,0,0.00,1831.07,Site Visit / Contractor Order,Cheque,Returned
S10226,ORD5074,2026-03-27,C2114,P1059,17,72.77,0,0.00,1237.09,Site Visit / Contractor Order,Cheque,Returned
S10227,ORD5074,2026-03-27,C2114,P1015,6,1318.46,5,395.54,7515.22,Site Visit / Contractor Order,Cheque,Returned
S10228,ORD5075,2025-10-12,C2024,P1018,2,389.15,15,116.75,661.55,Phone Order,UPI,Completed
S10229,ORD5075,2025-10-12,C2024,P1029,6,5539.10,10,3323.46,29911.14,Phone Order,UPI,Completed
S10230,ORD5075,2025-10-12,C2024,P1037,4,11451.05,15,6870.63,38933.57,Phone Order,UPI,Completed
S10231,ORD5075,2025-10-12,C2024,P1035,5,9670.80,0,0.00,48354.00,Phone Order,UPI,Completed
S10232,ORD5076,2024-12-15,C2082,P1005,35,77.51,0,0.00,2712.85,Showroom,Credit (30 days),Completed
S10233,ORD5076,2024-12-15,C2082,P1052,39,180.78,15,1057.56,5992.86,Showroom,Credit (30 days),Completed
S10234,ORD5077,2024-01-10,C2026,P1059,30,72.77,0,0.00,2183.10,Showroom,Bank Transfer,Completed
S10235,ORD5077,2024-01-10,C2026,P1042,5,16071.09,0,0.00,80355.45,Showroom,Bank Transfer,Completed
S10236,ORD5077,2024-01-10,C2026,P1049,15,84.28,0,0.00,1264.20,Showroom,Bank Transfer,Completed
S10237,ORD5077,2024-01-10,C2026,P1028,5,9015.25,0,0.00,45076.25,Showroom,Bank Transfer,Completed
S10238,ORD5078,2026-08-26,C2056,P1009,2,43.74,10,8.75,78.73,Site Visit / Contractor Order,Credit Card,Completed
S10239,ORD5078,2026-08-26,C2056,P1051,31,188.54,0,0.00,5844.74,Site Visit / Contractor Order,Credit Card,Completed
S10240,ORD5078,2026-08-26,C2056,P1027,3,9174.46,0,0.00,27523.38,Site Visit / Contractor Order,Credit Card,Completed
S10241,ORD5078,2026-08-26,C2056,P1043,3,3079.11,0,0.00,9237.33,Site Visit / Contractor Order,Credit Card,Completed
S10242,ORD5079,2026-05-30,C2027,P1001,12,133.12,5,79.87,1517.57,Site Visit / Contractor Order,Credit Card,Returned
S10243,ORD5079,2026-05-30,C2027,P1017,4,736.61,0,0.00,2946.44,Site Visit / Contractor Order,Credit Card,Returned
S10244,ORD5079,2026-05-30,C2027,P1007,5,50.91,15,38.18,216.37,Site Visit / Contractor Order,Credit Card,Returned
S10245,ORD5079,2026-05-30,C2027,P1061,29,35.53,10,103.04,927.33,Site Visit / Contractor Order,Credit Card,Returned
S10246,ORD5080,2025-04-29,C2082,P1004,37,157.89,5,292.10,5549.83,Site Visit / Contractor Order,Credit Card,Completed
S10247,ORD5080,2025-04-29,C2082,P1055,21,55.79,15,175.74,995.85,Site Visit / Contractor Order,Credit Card,Completed
S10248,ORD5081,2026-03-26,C2028,P1053,1,214.82,0,0.00,214.82,Website,Bank Transfer,Returned
S10249,ORD5082,2026-03-24,C2046,P1034,2,2889.86,5,288.99,5490.73,Phone Order,Cheque,Returned
S10250,ORD5083,2025-03-16,C2084,P1059,29,72.77,0,0.00,2110.33,Showroom,Bank Transfer,Returned
S10251,ORD5083,2025-03-16,C2084,P1002,32,122.29,0,0.00,3913.28,Showroom,Bank Transfer,Returned
S10252,ORD5083,2025-03-16,C2084,P1036,2,4892.01,0,0.00,9784.02,Showroom,Bank Transfer,Returned
S10253,ORD5083,2025-03-16,C2084,P1054,38,177.02,5,336.34,6390.42,Showroom,Bank Transfer,Returned
S10254,ORD5084,2026-05-18,C2019,P1006,20,147.09,0,0.00,2941.80,Showroom,Cash,Cancelled
S10255,ORD5084,2026-05-18,C2019,P1024,4,353.21,15,211.93,1200.91,Showroom,Cash,Cancelled
S10256,ORD5084,2026-05-18,C2019,P1032,1,8120.08,10,812.01,7308.07,Showroom,Cash,Cancelled
S10257,ORD5085,2025-04-07,C2064,P1028,2,9015.25,0,0.00,18030.50,Site Visit / Contractor Order,Credit Card,Returned
S10258,ORD5086,2025-05-09,C2062,P1007,35,50.91,15,267.28,1514.57,Site Visit / Contractor Order,Credit (30 days),Completed
S10259,ORD5086,2025-05-09,C2062,P1046,6,3804.20,0,0.00,22825.20,Site Visit / Contractor Order,Credit (30 days),Completed
S10260,ORD5086,2025-05-09,C2062,P1017,1,736.61,10,73.66,662.95,Site Visit / Contractor Order,Credit (30 days),Completed
S10261,ORD5087,2026-02-18,C2116,P1015,3,1318.46,0,0.00,3955.38,Site Visit / Contractor Order,Cash,Pending
S10262,ORD5087,2026-02-18,C2116,P1014,6,950.32,0,0.00,5701.92,Site Visit / Contractor Order,Cash,Pending
S10263,ORD5087,2026-02-18,C2116,P1035,3,9670.80,0,0.00,29012.40,Site Visit / Contractor Order,Cash,Pending
S10264,ORD5088,2024-05-27,C2040,P1048,2,3312.78,0,0.00,6625.56,Website,Cash,Completed
S10265,ORD5088,2024-05-27,C2040,P1053,39,214.82,0,0.00,8377.98,Website,Cash,Completed
S10266,ORD5089,2025-04-02,C2116,P1054,19,177.02,15,504.51,2858.87,Phone Order,UPI,Completed
S10267,ORD5089,2025-04-02,C2116,P1028,1,9015.25,5,450.76,8564.49,Phone Order,UPI,Completed
S10268,ORD5089,2025-04-02,C2116,P1033,5,2158.06,0,0.00,10790.30,Phone Order,UPI,Completed
S10269,ORD5090,2025-05-10,C2093,P1053,10,214.82,0,0.00,2148.20,Website,Cash,Pending
S10270,ORD5090,2025-05-10,C2093,P1028,1,9015.25,10,901.52,8113.73,Website,Cash,Pending
S10271,ORD5090,2025-05-10,C2093,P1008,18,43.90,5,39.51,750.69,Website,Cash,Pending
S10272,ORD5091,2025-07-06,C2066,P1033,4,2158.06,0,0.00,8632.24,Site Visit / Contractor Order,Cheque,Completed
S10273,ORD5091,2025-07-06,C2066,P1010,30,43.54,0,0.00,1306.20,Site Visit / Contractor Order,Cheque,Completed
S10274,ORD5092,2026-04-04,C2047,P1036,6,4892.01,0,0.00,29352.06,Website,Bank Transfer,Completed
S10275,ORD5092,2026-04-04,C2047,P1032,1,8120.08,15,1218.01,6902.07,Website,Bank Transfer,Completed
S10276,ORD5092,2026-04-04,C2047,P1049,30,84.28,0,0.00,2528.40,Website,Bank Transfer,Completed
S10277,ORD5093,2025-06-26,C2109,P1050,29,315.82,0,0.00,9158.78,Showroom,Credit (30 days),Completed
S10278,ORD5093,2025-06-26,C2109,P1016,5,1091.69,0,0.00,5458.45,Showroom,Credit (30 days),Completed
S10279,ORD5093,2025-06-26,C2109,P1058,9,123.88,0,0.00,1114.92,Showroom,Cash,Completed
S10280,ORD5094,2026-08-03,C2118,P1017,2,736.61,10,147.32,1325.90,Phone Order,Bank Transfer,Cancelled
S10281,ORD5094,2026-08-03,C2118,P1040,2,10577.02,5,1057.70,20096.34,Phone Order,Bank Transfer,Cancelled
S10282,ORD5094,2026-08-03,C2118,P1032,3,8120.08,15,3654.04,20706.20,Phone Order,Bank Transfer,Cancelled
S10283,ORD5094,2026-08-03,C2118,P1062,12,121.84,0,0.00,1462.08,Phone Order,Bank Transfer,Cancelled
S10284,ORD5095,2026-07-18,C2017,P1014,2,950.32,0,0.00,1900.64,Showroom,Credit (30 days),Cancelled
S10285,ORD5096,2025-04-02,C2003,P1041,5,3937.79,0,0.00,19688.95,Showroom,Credit Card,Completed
S10286,ORD5096,2025-04-02,C2003,P1001,24,133.12,0,0.00,3194.88,Showroom,Credit Card,Completed
S10287,ORD5096,2025-04-02,C2003,P1009,25,43.74,0,0.00,1093.50,Showroom,Credit Card,Completed
S10288,ORD5097,2024-05-12,C2039,P1027,3,9174.46,10,2752.34,24771.04,Showroom,Cheque,Pending
S10289,ORD5097,2024-05-12,C2039,P1057,35,129.53,0,0.00,4533.55,Showroom,Cheque,Pending
S10290,ORD5098,2026-07-06,C2111,P1048,1,3312.78,0,0.00,3312.78,Website,Credit Card,Returned
S10291,ORD5098,2026-07-06,C2111,P1005,7,77.51,10,54.26,488.31,Website,Credit Card,Returned
S10292,ORD5098,2026-07-06,C2111,P1015,3,1318.46,15,593.31,3362.07,Website,Credit Card,Returned
S10293,ORD5098,2026-07-06,C2111,P1019,5,264.47,0,0.00,1322.35,Website,Credit Card,Returned
S10294,ORD5099,2025-02-15,C2041,P1034,2,2889.86,0,0.00,5779.72,Phone Order,Cash,Completed
S10295,ORD5099,2025-02-15,C2041,P1015,6,1318.46,0,0.00,7910.76,Phone Order,Cash,Completed
S10296,ORD5100,2026-07-27,C2037,P1045,2,2349.19,0,0.00,4698.38,Site Visit / Contractor Order,Credit (30 days),Completed
S10297,ORD5100,2026-07-27,C2037,P1028,5,9015.25,0,0.00,45076.25,Site Visit / Contractor Order,Credit (30 days),Completed
S10298,ORD5100,2026-07-27,C2037,P1020,5,257.12,0,0.00,1285.60,Site Visit / Contractor Order,Credit (30 days),Completed
S10299,ORD5100,2026-07-27,C2037,P1031,4,5662.37,15,3397.42,19252.06,Site Visit / Contractor Order,Credit (30 days),Completed
S10300,ORD5101,2024-03-28,C2027,P1001,2,133.12,5,13.31,252.93,Showroom,Cheque,Completed
S10301,ORD5101,2024-03-28,C2027,P1039,6,17126.44,0,0.00,102758.64,Showroom,Cheque,Completed
S10302,ORD5101,2024-03-28,C2027,P1004,9,157.89,0,0.00,1421.01,Showroom,Cheque,Completed
S10303,ORD5101,2024-03-28,C2027,P1047,4,2185.83,0,0.00,8743.32,Showroom,Cheque,Completed
S10304,ORD5102,2024-01-11,C2051,P1010,6,43.54,0,0.00,261.24,Phone Order,Cash,Completed
S10305,ORD5102,2024-01-11,C2051,P1009,29,43.74,0,0.00,1268.46,Phone Order,Cash,Completed
S10306,ORD5102,2024-01-11,C2051,P1062,11,121.84,0,0.00,1340.24,Phone Order,Cash,Completed
S10307,ORD5102,2024-01-11,C2051,P1033,6,2158.06,0,0.00,12948.36,Phone Order,Cash,Completed
S10308,ORD5103,2025-06-17,C2002,P1023,1,274.90,0,0.00,274.90,Website,Credit Card,Returned
S10309,ORD5103,2025-06-17,C2002,P1001,39,133.12,0,0.00,5191.68,Website,Credit Card,Returned
S10310,ORD5103,2025-06-17,C2002,P1044,2,718.54,15,215.56,1221.52,Website,Credit Card,Returned
S10311,ORD5103,2025-06-17,C2002,P1031,6,5662.37,15,5096.13,28878.09,Website,Credit Card,Returned
S10312,ORD5103,2025-06-17,C2002,P1054,31,177.02,15,823.14,4664.48,Website,Credit Card,Returned
S10313,ORD5104,2025-07-20,C2071,P1032,3,8120.08,0,0.00,24360.24,Site Visit / Contractor Order,Credit (30 days),Completed
S10314,ORD5104,2025-07-20,C2071,P1056,20,107.71,0,0.00,2154.20,Site Visit / Contractor Order,Credit (30 days),Completed
S10315,ORD5105,2026-03-24,C2104,P1024,3,353.21,0,0.00,1059.63,Showroom,Cash,Cancelled
S10316,ORD5105,2026-03-24,C2104,P1043,5,3079.11,0,0.00,15395.55,Showroom,Cash,Cancelled
S10317,ORD5105,2026-03-24,C2104,P1044,2,718.54,0,0.00,1437.08,Showroom,Cash,Cancelled
S10318,ORD5105,2026-03-24,C2104,P1038,4,17932.15,0,0.00,71728.60,Showroom,Cash,Cancelled
S10319,ORD5106,2025-04-27,C2058,P1045,1,2349.19,0,0.00,2349.19,Website,Bank Transfer,Completed
S10320,ORD5106,2025-04-27,C2058,P1037,3,11451.05,0,0.00,34353.15,Website,Bank Transfer,Completed
S10321,ORD5106,2025-04-27,C2058,P1022,4,550.30,5,110.06,2091.14,Website,Bank Transfer,Completed
S10322,ORD5106,2025-04-27,C2058,P1053,22,214.82,0,0.00,4726.04,Website,Bank Transfer,Completed
S10323,ORD5106,2025-04-27,C2058,P1041,1,3937.79,0,0.00,3937.79,Website,Bank Transfer,Completed
S10324,ORD5107,2025-04-13,C2079,P1008,23,43.90,0,0.00,1009.70,Website,Cash,Completed
S10325,ORD5107,2025-04-13,C2079,P1003,11,136.23,0,0.00,1498.53,Website,Cash,Completed
S10326,ORD5107,2025-04-13,C2079,P1057,12,129.53,15,233.15,1321.21,Website,Cash,Completed
S10327,ORD5108,2025-04-27,C2089,P1031,1,5662.37,10,566.24,5096.13,Showroom,Credit (30 days),Returned
S10328,ORD5108,2025-04-27,C2089,P1021,1,479.49,0,0.00,479.49,Showroom,Credit (30 days),Returned
S10329,ORD5108,2025-04-27,C2089,P1006,7,147.09,0,0.00,1029.63,Showroom,Credit (30 days),Returned
S10330,ORD5108,2025-04-27,C2089,P1026,2,7306.62,5,730.66,13882.58,Showroom,Credit (30 days),Returned
S10331,ORD5109,2026-03-23,C2098,P1045,1,2349.19,0,0.00,2349.19,Phone Order,Credit Card,Cancelled
S10332,ORD5109,2026-03-23,C2098,P1008,1,43.90,0,0.00,43.90,Phone Order,Credit Card,Cancelled
S10333,ORD5109,2026-03-23,C2098,P1010,19,43.54,0,0.00,827.26,Phone Order,Credit Card,Cancelled
S10334,ORD5109,2026-03-23,C2098,P1003,11,136.23,0,0.00,1498.53,Phone Order,Credit Card,Cancelled
S10335,ORD5110,2024-06-07,C2108,P1041,3,3937.79,0,0.00,11813.37,Showroom,Debit Card,Completed
S10336,ORD5110,2024-06-07,C2108,P1011,8,60.67,0,0.00,485.36,Showroom,Debit Card,Completed
S10337,ORD5110,2024-06-07,C2108,P1053,30,214.82,0,0.00,6444.60,Showroom,Debit Card,Completed
S10338,ORD5110,2024-06-07,C2108,P1014,1,950.32,0,0.00,950.32,Showroom,Debit Card,Completed
S10339,ORD5110,2024-06-07,C2108,P1043,2,3079.11,10,615.82,5542.40,Showroom,Debit Card,Completed
S10340,ORD5111,2024-12-23,C2108,P1037,4,11451.05,0,0.00,45804.20,Phone Order,Cheque,Completed
S10341,ORD5111,2024-12-23,C2108,P1016,1,1091.69,0,0.00,1091.69,Phone Order,Cheque,Completed
S10342,ORD5111,2024-12-23,C2108,P1046,3,3804.20,0,0.00,11412.60,Phone Order,Cheque,Completed
S10343,ORD5111,2024-12-23,C2108,P1003,21,136.23,0,0.00,2860.83,Phone Order,Cheque,Completed
S10344,ORD5111,2024-12-23,C2108,P1024,2,353.21,15,105.96,600.46,Phone Order,Cheque,Completed
S10345,ORD5112,2024-06-05,C2092,P1019,5,264.47,15,198.35,1124.00,Showroom,Cheque,Pending
S10346,ORD5113,2026-08-24,C2056,P1039,3,17126.44,0,0.00,51379.32,Site Visit / Contractor Order,Debit Card,Pending
S10347,ORD5113,2026-08-24,C2056,P1014,2,950.32,0,0.00,1900.64,Site Visit / Contractor Order,Debit Card,Pending
S10348,ORD5113,2026-08-24,C2056,P1052,12,180.78,15,325.40,1843.96,Site Visit / Contractor Order,Debit Card,Pending
S10349,ORD5113,2026-08-24,C2056,P1034,2,2889.86,0,0.00,5779.72,Site Visit / Contractor Order,Debit Card,Pending
S10350,ORD5113,2026-08-24,C2056,P1032,3,8120.08,5,1218.01,23142.23,Site Visit / Contractor Order,Debit Card,Pending
S10351,ORD5114,2024-09-26,C2031,P1047,5,2185.83,0,0.00,10929.15,Site Visit / Contractor Order,Credit Card,Completed
S10352,ORD5114,2024-09-26,C2031,P1002,31,122.29,0,0.00,3790.99,Site Visit / Contractor Order,Credit Card,Completed
S10353,ORD5114,2024-09-26,C2031,P1030,3,4994.96,0,0.00,14984.88,Site Visit / Contractor Order,Credit Card,Completed
S10354,ORD5114,2024-09-26,C2031,P1006,39,147.09,5,286.83,5449.68,Site Visit / Contractor Order,Credit Card,Completed
S10355,ORD5114,2024-09-26,C2031,P1063,16,112.97,0,0.00,1807.52,Site Visit / Contractor Order,Credit Card,Completed
S10356,ORD5115,2025-05-07,C2055,P1001,5,133.12,0,0.00,665.60,Phone Order,Cash,Pending
S10357,ORD5115,2025-05-07,C2055,P1062,14,121.84,0,0.00,1705.76,Phone Order,Cheque,Pending
S10358,ORD5116,2024-08-01,C2024,P1008,26,43.90,0,0.00,1141.40,Site Visit / Contractor Order,Credit (30 days),Completed
S10359,ORD5116,2024-08-01,C2024,P1012,15,51.71,0,0.00,775.65,Site Visit / Contractor Order,Credit (30 days),Completed
S10360,ORD5117,2026-09-04,C2096,P1002,10,122.29,0,0.00,1222.90,Site Visit / Contractor Order,Credit Card,Completed
S10361,ORD5117,2026-09-04,C2096,P1032,1,8120.08,15,1218.01,6902.07,Site Visit / Contractor Order,Credit Card,Completed
S10362,ORD5117,2026-09-04,C2096,P1027,5,9174.46,0,0.00,45872.30,Site Visit / Contractor Order,Credit Card,Completed
S10363,ORD5117,2026-09-04,C2096,P1048,6,3312.78,0,0.00,19876.68,Site Visit / Contractor Order,Credit Card,Completed
S10364,ORD5117,2026-09-04,C2096,P1037,2,11451.05,10,2290.21,20611.89,Site Visit / Contractor Order,Credit Card,Completed
S10365,ORD5118,2025-05-07,C2114,P1051,34,188.54,15,961.55,5448.81,Site Visit / Contractor Order,Credit (30 days),Cancelled
S10366,ORD5118,2025-05-07,C2114,P1031,6,5662.37,0,0.00,33974.22,Site Visit / Contractor Order,Credit (30 days),Cancelled
S10367,ORD5118,2025-05-07,C2114,P1037,5,11451.05,10,5725.52,51529.73,Site Visit / Contractor Order,Credit (30 days),Cancelled
S10368,ORD5119,2024-01-04,C2073,P1059,30,72.77,0,0.00,2183.10,Site Visit / Contractor Order,Debit Card,Completed
S10369,ORD5119,2024-01-04,C2073,P1031,3,5662.37,0,0.00,16987.11,Site Visit / Contractor Order,Debit Card,Completed
S10370,ORD5119,2024-01-04,C2073,P1029,6,5539.10,15,4985.19,28249.41,Site Visit / Contractor Order,Debit Card,Completed
S10371,ORD5119,2024-01-04,C2073,P1033,5,2158.06,0,0.00,10790.30,Site Visit / Contractor Order,Debit Card,Completed
S10372,ORD5119,2024-01-04,C2073,P1009,6,43.74,0,0.00,262.44,Site Visit / Contractor Order,Debit Card,Completed
S10373,ORD5120,2025-04-03,C2104,P1012,18,51.71,5,46.54,884.24,Site Visit / Contractor Order,Credit (30 days),Cancelled
S10374,ORD5120,2025-04-03,C2104,P1021,5,479.49,15,359.62,2037.83,Site Visit / Contractor Order,Credit (30 days),Cancelled
S10375,ORD5120,2025-04-03,C2104,P1051,19,188.54,15,537.34,3044.92,Site Visit / Contractor Order,Credit (30 days),Cancelled
S10376,ORD5120,2025-04-03,C2104,P1059,25,72.77,0,0.00,1819.25,Site Visit / Contractor Order,Credit (30 days),Cancelled
S10377,ORD5120,2025-04-03,C2104,P1015,3,1318.46,0,0.00,3955.38,Site Visit / Contractor Order,Credit (30 days),Cancelled
S10378,ORD5121,2025-06-12,C2024,P1035,3,9670.80,5,1450.62,27561.78,Site Visit / Contractor Order,Bank Transfer,Returned
S10379,ORD5121,2025-06-12,C2024,P1030,1,4994.96,0,0.00,4994.96,Site Visit / Contractor Order,Bank Transfer,Returned
S10380,ORD5122,2025-12-28,C2033,P1042,2,16071.09,10,3214.22,28927.96,Showroom,Credit Card,Completed
S10381,ORD5122,2025-12-28,C2033,P1056,19,107.71,0,0.00,2046.49,Showroom,Credit Card,Completed
S10382,ORD5122,2025-12-28,C2033,P1004,12,157.89,0,0.00,1894.68,Showroom,Credit Card,Completed
S10383,ORD5122,2025-12-28,C2033,P1003,12,136.23,0,0.00,1634.76,Showroom,Credit Card,Completed
S10384,ORD5123,2026-03-10,C2010,P1011,30,60.67,5,91.00,1729.10,Website,Bank Transfer,Completed
S10385,ORD5124,2026-08-11,C2054,P1019,4,264.47,0,0.00,1057.88,Phone Order,Cash,Completed
S10386,ORD5124,2026-08-11,C2054,P1053,16,214.82,0,0.00,3437.12,Phone Order,Cash,Completed
S10387,ORD5124,2026-08-11,C2054,P1039,1,17126.44,0,0.00,17126.44,Phone Order,Cash,Completed
S10388,ORD5124,2026-08-11,C2054,P1055,14,55.79,0,0.00,781.06,Phone Order,Cash,Completed
S10389,ORD5124,2026-08-11,C2054,P1038,2,17932.15,15,5379.65,30484.65,Phone Order,Cash,Completed
S10390,ORD5125,2024-03-27,C2067,P1003,21,136.23,0,0.00,2860.83,Phone Order,Cheque,Completed
S10391,ORD5125,2024-03-27,C2067,P1034,3,2889.86,0,0.00,8669.58,Phone Order,Cheque,Completed
S10392,ORD5125,2024-03-27,C2067,P1027,4,9174.46,0,0.00,36697.84,Phone Order,Cheque,Completed
S10393,ORD5125,2024-03-27,C2067,P1047,6,2185.83,0,0.00,13114.98,Phone Order,Cheque,Completed
S10394,ORD5126,2024-12-11,C2051,P1051,26,188.54,0,0.00,4902.04,Website,UPI,Completed
S10395,ORD5126,2024-12-11,C2051,P1004,13,157.89,0,0.00,2052.57,Website,UPI,Completed
S10396,ORD5126,2024-12-11,C2051,P1030,1,4994.96,0,0.00,4994.96,Website,UPI,Completed
S10397,ORD5126,2024-12-11,C2051,P1033,5,2158.06,0,0.00,10790.30,Website,UPI,Completed
S10398,ORD5127,2026-08-28,C2023,P1018,1,389.15,10,38.91,350.24,Website,Credit Card,Returned
S10399,ORD5127,2026-08-28,C2023,P1057,5,129.53,0,0.00,647.65,Website,Credit Card,Returned
S10400,ORD5127,2026-08-28,C2023,P1015,2,1318.46,0,0.00,2636.92,Website,Credit Card,Returned
S10401,ORD5127,2026-08-28,C2023,P1008,3,43.90,5,6.58,125.12,Website,Credit Card,Returned
S10402,ORD5127,2026-08-28,C2023,P1021,6,479.49,10,287.69,2589.25,Website,Credit Card,Returned
S10403,ORD5128,2024-07-13,C2025,P1003,24,136.23,10,326.95,2942.57,Site Visit / Contractor Order,Credit Card,Completed
S10404,ORD5128,2024-07-13,C2025,P1031,5,5662.37,15,4246.78,24065.07,Site Visit / Contractor Order,Credit Card,Completed
S10405,ORD5129,2025-12-13,C2097,P1037,4,11451.05,0,0.00,45804.20,Phone Order,Bank Transfer,Completed
S10406,ORD5129,2025-12-13,C2097,P1049,29,84.28,0,0.00,2444.12,Phone Order,Bank Transfer,Completed
S10407,ORD5129,2025-12-13,C2097,P1031,3,5662.37,10,1698.71,15288.40,Phone Order,Bank Transfer,Completed
S10408,ORD5130,2025-11-16,C2065,P1022,6,550.30,0,0.00,3301.80,Site Visit / Contractor Order,Bank Transfer,Completed
S10409,ORD5130,2025-11-16,C2065,P1025,4,613.26,15,367.96,2085.08,Site Visit / Contractor Order,Bank Transfer,Completed
S10410,ORD5130,2025-11-16,C2065,P1018,1,389.15,0,0.00,389.15,Site Visit / Contractor Order,Bank Transfer,Completed
S10411,ORD5130,2025-11-16,C2065,P1052,14,180.78,0,0.00,2530.92,Site Visit / Contractor Order,Bank Transfer,Completed
S10412,ORD5131,2025-10-24,C2087,P1045,2,2349.19,0,0.00,4698.38,Showroom,Cash,Completed
S10413,ORD5131,2025-10-24,C2087,P1003,16,136.23,15,326.95,1852.73,Showroom,Cash,Completed
S10414,ORD5132,2024-03-03,C2052,P1058,29,123.88,0,0.00,3592.52,Website,Cheque,Cancelled
S10415,ORD5132,2024-03-03,C2052,P1059,7,72.77,0,0.00,509.39,Website,Cheque,Cancelled
S10416,ORD5132,2024-03-03,C2052,P1040,1,10577.02,0,0.00,10577.02,Website,Cheque,Cancelled
S10417,ORD5132,2024-03-03,C2052,P1025,2,613.26,0,0.00,1226.52,Website,Cheque,Cancelled
S10418,ORD5133,2025-04-18,C2105,P1049,17,84.28,0,0.00,1432.76,Site Visit / Contractor Order,Cash,Returned
S10419,ORD5133,2025-04-18,C2105,P1014,6,950.32,0,0.00,5701.92,Site Visit / Contractor Order,Cash,Returned
S10420,ORD5134,2026-09-02,C2075,P1053,2,214.82,0,0.00,429.64,Site Visit / Contractor Order,Bank Transfer,Completed
S10421,ORD5134,2026-09-02,C2075,P1060,17,129.76,5,110.30,2095.62,Site Visit / Contractor Order,Bank Transfer,Completed
S10422,ORD5134,2026-09-02,C2075,P1041,2,3937.79,0,0.00,7875.58,Site Visit / Contractor Order,Bank Transfer,Completed
S10423,ORD5135,2024-02-17,C2039,P1034,6,2889.86,0,0.00,17339.16,Site Visit / Contractor Order,Bank Transfer,Cancelled
S10424,ORD5136,2025-01-29,C2010,P1033,5,2158.06,10,1079.03,9711.27,Phone Order,Credit (30 days),Completed
S10425,ORD5136,2025-01-29,C2010,P1024,2,353.21,0,0.00,706.42,Phone Order,Credit (30 days),Completed
S10426,ORD5136,2025-01-29,C2010,P1050,28,315.82,0,0.00,8842.96,Phone Order,Credit (30 days),Completed
S10427,ORD5137,2025-06-21,C2042,P1003,31,136.23,0,0.00,4223.13,Phone Order,Cash,Completed
S10428,ORD5137,2025-06-21,C2042,P1032,5,8120.08,0,0.00,40600.40,Phone Order,Cash,Completed
S10429,ORD5137,2025-06-21,C2042,P1010,6,43.54,0,0.00,261.24,Phone Order,Cash,Completed
S10430,ORD5137,2025-06-21,C2042,P1042,2,16071.09,0,0.00,32142.18,Phone Order,Cash,Completed
S10431,ORD5137,2025-06-21,C2042,P1039,5,17126.44,5,4281.61,81350.59,Phone Order,Cash,Completed
S10432,ORD5138,2024-07-31,C2057,P1009,3,43.74,15,19.68,111.54,Site Visit / Contractor Order,Cash,Pending
S10433,ORD5138,2024-07-31,C2057,P1048,5,3312.78,0,0.00,16563.90,Site Visit / Contractor Order,Cash,Pending
S10434,ORD5139,2025-10-06,C2026,P1060,36,129.76,15,700.70,3970.66,Site Visit / Contractor Order,UPI,Completed
S10435,ORD5139,2025-10-06,C2026,P1013,1,431.88,0,0.00,431.88,Site Visit / Contractor Order,UPI,Completed
S10436,ORD5139,2025-10-06,C2026,P1002,23,122.29,0,0.00,2812.67,Site Visit / Contractor Order,UPI,Completed
S10437,ORD5140,2024-08-25,C2090,P1011,24,60.67,0,0.00,1456.08,Site Visit / Contractor Order,UPI,Completed
S10438,ORD5141,2025-12-30,C2066,P1035,1,9670.80,0,0.00,9670.80,Site Visit / Contractor Order,Debit Card,Completed
S10439,ORD5141,2025-12-30,C2066,P1045,2,2349.19,0,0.00,4698.38,Site Visit / Contractor Order,Debit Card,Completed
S10440,ORD5142,2024-10-03,C2066,P1045,4,2349.19,0,0.00,9396.76,Phone Order,UPI,Completed
S10441,ORD5142,2024-10-03,C2066,P1009,40,43.74,0,0.00,1749.60,Phone Order,UPI,Completed
S10442,ORD5143,2024-08-09,C2086,P1018,6,389.15,0,0.00,2334.90,Phone Order,Cheque,Returned
S10443,ORD5143,2024-08-09,C2086,P1046,5,3804.20,5,951.05,18069.95,Phone Order,Cheque,Returned
S10444,ORD5143,2024-08-09,C2086,P1030,6,4994.96,0,0.00,29969.76,Phone Order,Cheque,Returned
S10445,ORD5143,2024-08-09,C2086,P1014,6,950.32,0,0.00,5701.92,Phone Order,Cash,Returned
S10446,ORD5143,2024-08-09,C2086,P1033,1,2158.06,0,0.00,2158.06,Phone Order,Cheque,Returned
S10447,ORD5144,2024-01-19,C2005,P1026,4,7306.62,0,0.00,29226.48,Website,Credit Card,Completed
S10448,ORD5144,2024-01-19,C2005,P1013,4,431.88,15,259.13,1468.39,Website,Credit Card,Completed
S10449,ORD5144,2024-01-19,C2005,P1027,1,9174.46,10,917.45,8257.01,Website,Credit Card,Completed
S10450,ORD5144,2024-01-19,C2005,P1035,6,9670.80,0,0.00,58024.80,Website,Credit Card,Completed
S10451,ORD5145,2026-07-16,C2017,P1060,7,129.76,0,0.00,908.32,Website,Bank Transfer,Completed
S10452,ORD5145,2026-07-16,C2017,P1005,30,77.51,15,348.80,1976.50,Website,Bank Transfer,Completed
S10453,ORD5145,2026-07-16,C2017,P1063,31,112.97,10,350.21,3151.86,Website,Bank Transfer,Completed
S10454,ORD5146,2025-09-29,C2049,P1020,5,257.12,5,64.28,1221.32,Site Visit / Contractor Order,Cash,Completed
S10455,ORD5146,2025-09-29,C2049,P1005,28,77.51,15,325.54,1844.74,Site Visit / Contractor Order,Cash,Completed
S10456,ORD5147,2026-09-07,C2068,P1003,6,136.23,0,0.00,817.38,Site Visit / Contractor Order,Bank Transfer,Pending
S10457,ORD5147,2026-09-07,C2068,P1011,38,60.67,0,0.00,2305.46,Site Visit / Contractor Order,Bank Transfer,Pending
S10458,ORD5147,2026-09-07,C2068,P1027,3,9174.46,5,1376.17,26147.21,Site Visit / Contractor Order,Bank Transfer,Pending
S10459,ORD5147,2026-09-07,C2068,P1049,31,84.28,0,0.00,2612.68,Site Visit / Contractor Order,Bank Transfer,Pending
S10460,ORD5147,2026-09-07,C2068,P1042,3,16071.09,0,0.00,48213.27,Site Visit / Contractor Order,Bank Transfer,Pending
S10461,ORD5148,2026-04-08,C2033,P1054,21,177.02,15,557.61,3159.81,Website,Cash,Completed
S10462,ORD5149,2026-06-29,C2007,P1005,24,77.51,0,0.00,1860.24,Phone Order,Cheque,Pending
S10463,ORD5150,2024-11-12,C2055,P1026,1,7306.62,15,1095.99,6210.63,Website,UPI,Completed
S10464,ORD5150,2024-11-12,C2055,P1019,6,264.47,10,158.68,1428.14,Website,UPI,Completed
S10465,ORD5151,2024-02-01,C2034,P1056,13,107.71,0,0.00,1400.23,Showroom,UPI,Completed
S10466,ORD5151,2024-02-01,C2034,P1001,5,133.12,0,0.00,665.60,Showroom,UPI,Completed
S10467,ORD5152,2024-09-10,C2053,P1027,3,9174.46,0,0.00,27523.38,Phone Order,Credit Card,Completed
S10468,ORD5153,2024-09-20,C2097,P1004,4,157.89,0,0.00,631.56,Showroom,Credit Card,Completed
S10469,ORD5153,2024-09-20,C2097,P1031,3,5662.37,0,0.00,16987.11,Showroom,Credit Card,Completed
S10470,ORD5154,2024-02-24,C2096,P1051,12,188.54,10,226.25,2036.23,Site Visit / Contractor Order,UPI,Pending
S10471,ORD5154,2024-02-24,C2096,P1002,7,122.29,0,0.00,856.03,Site Visit / Contractor Order,UPI,Pending
S10472,ORD5154,2024-02-24,C2096,P1062,32,121.84,0,0.00,3898.88,Site Visit / Contractor Order,UPI,Pending
S10473,ORD5154,2024-02-24,C2096,P1022,4,550.30,5,110.06,2091.14,Site Visit / Contractor Order,UPI,Pending
S10474,ORD5154,2024-02-24,C2096,P1028,6,9015.25,0,0.00,54091.50,Site Visit / Contractor Order,UPI,Pending
S10475,ORD5155,2026-08-07,C2091,P1007,22,50.91,0,0.00,1120.02,Phone Order,Cash,Pending
S10476,ORD5155,2026-08-07,C2091,P1048,5,3312.78,15,2484.59,14079.31,Phone Order,UPI,Pending
S10477,ORD5155,2026-08-07,C2091,P1013,5,431.88,15,323.91,1835.49,Phone Order,UPI,Pending
S10478,ORD5155,2026-08-07,C2091,P1027,2,9174.46,15,2752.34,15596.58,Phone Order,UPI,Pending
S10479,ORD5156,2024-09-17,C2085,P1053,9,214.82,10,193.34,1740.04,Showroom,Cash,Completed
S10480,ORD5156,2024-09-17,C2085,P1012,25,51.71,0,0.00,1292.75,Showroom,Cash,Completed
S10481,ORD5156,2024-09-17,C2085,P1047,4,2185.83,0,0.00,8743.32,Showroom,Cash,Completed
S10482,ORD5156,2024-09-17,C2085,P1043,5,3079.11,10,1539.56,13855.99,Showroom,Cash,Completed
S10483,ORD5157,2024-09-29,C2118,P1029,1,5539.10,0,0.00,5539.10,Website,Bank Transfer,Pending
S10484,ORD5157,2024-09-29,C2118,P1024,4,353.21,0,0.00,1412.84,Website,Bank Transfer,Pending
S10485,ORD5158,2025-02-22,C2100,P1010,39,43.54,0,0.00,1698.06,Website,Cheque,Completed
S10486,ORD5158,2025-02-22,C2100,P1030,6,4994.96,0,0.00,29969.76,Website,Cash,Completed
S10487,ORD5158,2025-02-22,C2100,P1005,14,77.51,0,0.00,1085.14,Website,Cash,Completed
S10488,ORD5158,2025-02-22,C2100,P1013,6,431.88,0,0.00,2591.28,Website,Cheque,Completed
S10489,ORD5158,2025-02-22,C2100,P1007,39,50.91,0,0.00,1985.49,Website,Cheque,Completed
S10490,ORD5159,2025-07-13,C2002,P1022,1,550.30,0,0.00,550.30,Site Visit / Contractor Order,Debit Card,Pending
S10491,ORD5160,2024-10-25,C2021,P1033,6,2158.06,15,1942.25,11006.11,Phone Order,UPI,Completed
S10492,ORD5161,2025-06-22,C2030,P1050,36,315.82,0,0.00,11369.52,Website,Cheque,Cancelled
S10493,ORD5161,2025-06-22,C2030,P1034,6,2889.86,0,0.00,17339.16,Website,Cheque,Cancelled
S10494,ORD5161,2025-06-22,C2030,P1030,6,4994.96,0,0.00,29969.76,Website,Cheque,Cancelled
S10495,ORD5161,2025-06-22,C2030,P1018,2,389.15,15,116.75,661.55,Website,Cheque,Cancelled
S10496,ORD5162,2024-10-11,C2029,P1003,2,136.23,5,13.62,258.84,Phone Order,Credit Card,Completed
S10497,ORD5162,2024-10-11,C2029,P1014,1,950.32,5,47.52,902.80,Phone Order,Credit Card,Completed
S10498,ORD5162,2024-10-11,C2029,P1059,27,72.77,5,98.24,1866.55,Phone Order,Credit Card,Completed
S10499,ORD5163,2026-08-22,C2053,P1028,1,9015.25,5,450.76,8564.49,Showroom,Cash,Pending
S10500,ORD5163,2026-08-22,C2053,P1034,5,2889.86,10,1444.93,13004.37,Showroom,Cash,Pending
S10501,ORD5163,2026-08-22,C2053,P1013,4,431.88,0,0.00,1727.52,Showroom,Cash,Pending
S10502,ORD5163,2026-08-22,C2053,P1038,5,17932.15,0,0.00,89660.75,Showroom,Cash,Pending
S10503,ORD5164,2025-09-21,C2018,P1026,4,7306.62,0,0.00,29226.48,Site Visit / Contractor Order,Bank Transfer,Completed
S10504,ORD5164,2025-09-21,C2018,P1016,5,1091.69,0,0.00,5458.45,Site Visit / Contractor Order,Bank Transfer,Completed
S10505,ORD5164,2025-09-21,C2018,P1009,10,43.74,0,0.00,437.40,Site Visit / Contractor Order,Bank Transfer,Completed
S10506,ORD5164,2025-09-21,C2018,P1022,6,550.30,0,0.00,3301.80,Site Visit / Contractor Order,Bank Transfer,Completed
S10507,ORD5165,2024-03-15,C2005,P1055,3,55.79,15,25.11,142.26,Website,Credit Card,Pending
S10508,ORD5165,2024-03-15,C2005,P1029,3,5539.10,0,0.00,16617.30,Website,Credit Card,Pending
S10509,ORD5165,2024-03-15,C2005,P1010,35,43.54,10,152.39,1371.51,Website,Credit Card,Pending
S10510,ORD5165,2024-03-15,C2005,P1031,3,5662.37,5,849.36,16137.75,Website,Credit Card,Pending
S10511,ORD5166,2025-07-30,C2117,P1006,28,147.09,0,0.00,4118.52,Site Visit / Contractor Order,UPI,Returned
S10512,ORD5166,2025-07-30,C2117,P1020,5,257.12,5,64.28,1221.32,Site Visit / Contractor Order,UPI,Returned
S10513,ORD5166,2025-07-30,C2117,P1033,2,2158.06,0,0.00,4316.12,Site Visit / Contractor Order,UPI,Returned
S10514,ORD5166,2025-07-30,C2117,P1059,6,72.77,0,0.00,436.62,Site Visit / Contractor Order,UPI,Returned
S10515,ORD5166,2025-07-30,C2117,P1057,26,129.53,0,0.00,3367.78,Site Visit / Contractor Order,UPI,Returned
S10516,ORD5167,2024-12-09,C2117,P1051,36,188.54,0,0.00,6787.44,Phone Order,Credit (30 days),Pending
S10517,ORD5167,2024-12-09,C2117,P1035,1,9670.80,0,0.00,9670.80,Phone Order,Credit (30 days),Pending
S10518,ORD5167,2024-12-09,C2117,P1020,1,257.12,0,0.00,257.12,Phone Order,Credit (30 days),Pending
S10519,ORD5168,2026-01-21,C2005,P1026,6,7306.62,0,0.00,43839.72,Site Visit / Contractor Order,Credit (30 days),Completed
S10520,ORD5169,2026-02-01,C2064,P1048,5,3312.78,0,0.00,16563.90,Phone Order,UPI,Completed
S10521,ORD5169,2026-02-01,C2064,P1062,22,121.84,5,134.02,2546.46,Phone Order,UPI,Completed
S10522,ORD5169,2026-02-01,C2064,P1010,21,43.54,0,0.00,914.34,Phone Order,UPI,Completed
S10523,ORD5170,2024-09-14,C2021,P1037,3,11451.05,10,3435.32,30917.83,Showroom,Bank Transfer,Completed
S10524,ORD5170,2024-09-14,C2021,P1001,24,133.12,0,0.00,3194.88,Showroom,Bank Transfer,Completed
S10525,ORD5171,2025-06-05,C2120,P1047,4,2185.83,0,0.00,8743.32,Site Visit / Contractor Order,Credit Card,Completed
S10526,ORD5172,2026-06-11,C2113,P1023,3,274.90,0,0.00,824.70,Showroom,Bank Transfer,Cancelled
S10527,ORD5172,2026-06-11,C2113,P1032,5,8120.08,15,6090.06,34510.34,Showroom,Bank Transfer,Cancelled
S10528,ORD5172,2026-06-11,C2113,P1060,21,129.76,0,0.00,2724.96,Showroom,Bank Transfer,Cancelled
S10529,ORD5173,2024-12-31,C2070,P1021,5,479.49,0,0.00,2397.45,Website,Credit (30 days),Cancelled
S10530,ORD5174,2026-03-19,C2069,P1061,33,35.53,15,175.87,996.62,Phone Order,Cash,Completed
S10531,ORD5174,2026-03-19,C2069,P1012,16,51.71,0,0.00,827.36,Phone Order,Cash,Completed
S10532,ORD5174,2026-03-19,C2069,P1063,16,112.97,0,0.00,1807.52,Phone Order,Cash,Completed
S10533,ORD5175,2024-10-10,C2113,P1056,32,107.71,0,0.00,3446.72,Site Visit / Contractor Order,Credit Card,Completed
S10534,ORD5175,2024-10-10,C2113,P1063,4,112.97,0,0.00,451.88,Site Visit / Contractor Order,Credit Card,Completed
S10535,ORD5176,2024-06-09,C2045,P1057,15,129.53,0,0.00,1942.95,Site Visit / Contractor Order,Credit (30 days),Completed
S10536,ORD5176,2024-06-09,C2045,P1036,1,4892.01,5,244.60,4647.41,Site Visit / Contractor Order,Credit (30 days),Completed
S10537,ORD5176,2024-06-09,C2045,P1030,2,4994.96,0,0.00,9989.92,Site Visit / Contractor Order,Credit (30 days),Completed
S10538,ORD5176,2024-06-09,C2045,P1047,1,2185.83,5,109.29,2076.54,Site Visit / Contractor Order,Credit (30 days),Completed
S10539,ORD5177,2025-07-27,C2119,P1051,3,188.54,0,0.00,565.62,Phone Order,Bank Transfer,Returned
S10540,ORD5177,2025-07-27,C2119,P1062,21,121.84,0,0.00,2558.64,Phone Order,Bank Transfer,Returned
S10541,ORD5177,2025-07-27,C2119,P1046,2,3804.20,0,0.00,7608.40,Phone Order,Bank Transfer,Returned
S10542,ORD5177,2025-07-27,C2119,P1015,3,1318.46,0,0.00,3955.38,Phone Order,Bank Transfer,Returned
S10543,ORD5177,2025-07-27,C2119,P1010,28,43.54,0,0.00,1219.12,Phone Order,Bank Transfer,Returned
S10544,ORD5178,2026-02-26,C2116,P1019,5,264.47,10,132.24,1190.11,Website,Cash,Completed
S10545,ORD5178,2026-02-26,C2116,P1028,1,9015.25,0,0.00,9015.25,Website,Cash,Completed
S10546,ORD5178,2026-02-26,C2116,P1030,3,4994.96,0,0.00,14984.88,Website,Cash,Completed
S10547,ORD5178,2026-02-26,C2116,P1010,15,43.54,0,0.00,653.10,Website,Cash,Completed
S10548,ORD5179,2024-10-10,C2084,P1023,3,274.90,15,123.70,701.00,Phone Order,Bank Transfer,Returned
S10549,ORD5179,2024-10-10,C2084,P1014,5,950.32,0,0.00,4751.60,Phone Order,Bank Transfer,Returned
S10550,ORD5179,2024-10-10,C2084,P1037,4,11451.05,0,0.00,45804.20,Phone Order,Bank Transfer,Returned
S10551,ORD5179,2024-10-10,C2084,P1017,6,736.61,10,441.97,3977.69,Phone Order,Bank Transfer,Returned
S10552,ORD5179,2024-10-10,C2084,P1043,6,3079.11,0,0.00,18474.66,Phone Order,Bank Transfer,Returned
S10553,ORD5180,2025-11-29,C2004,P1036,2,4892.01,0,0.00,9784.02,Phone Order,Cash,Completed
S10554,ORD5181,2025-09-05,C2018,P1053,9,214.82,0,0.00,1933.38,Site Visit / Contractor Order,UPI,Returned
S10555,ORD5182,2024-12-24,C2033,P1023,1,274.90,10,27.49,247.41,Showroom,Debit Card,Cancelled
S10556,ORD5182,2024-12-24,C2033,P1006,19,147.09,0,0.00,2794.71,Showroom,Debit Card,Cancelled
S10557,ORD5183,2024-07-21,C2111,P1028,4,9015.25,10,3606.10,32454.90,Website,Cash,Cancelled
S10558,ORD5183,2024-07-21,C2111,P1027,5,9174.46,0,0.00,45872.30,Website,Cash,Cancelled
S10559,ORD5184,2024-12-04,C2013,P1042,2,16071.09,0,0.00,32142.18,Site Visit / Contractor Order,UPI,Completed
S10560,ORD5185,2024-09-04,C2080,P1018,3,389.15,10,116.75,1050.70,Phone Order,UPI,Completed
S10561,ORD5186,2025-08-25,C2025,P1026,2,7306.62,5,730.66,13882.58,Site Visit / Contractor Order,Debit Card,Completed
S10562,ORD5186,2025-08-25,C2025,P1057,32,129.53,0,0.00,4144.96,Site Visit / Contractor Order,Debit Card,Completed
S10563,ORD5187,2024-12-04,C2009,P1038,2,17932.15,0,0.00,35864.30,Showroom,Debit Card,Completed
S10564,ORD5187,2024-12-04,C2009,P1052,4,180.78,0,0.00,723.12,Showroom,Cash,Completed
S10565,ORD5188,2026-03-04,C2045,P1012,32,51.71,10,165.47,1489.25,Website,UPI,Completed
S10566,ORD5188,2026-03-04,C2045,P1004,2,157.89,0,0.00,315.78,Website,UPI,Completed
S10567,ORD5188,2026-03-04,C2045,P1031,3,5662.37,0,0.00,16987.11,Website,UPI,Completed
S10568,ORD5188,2026-03-04,C2045,P1030,6,4994.96,0,0.00,29969.76,Website,UPI,Completed
S10569,ORD5189,2025-06-18,C2041,P1015,6,1318.46,0,0.00,7910.76,Site Visit / Contractor Order,Credit Card,Completed
S10570,ORD5189,2025-06-18,C2041,P1061,1,35.53,0,0.00,35.53,Site Visit / Contractor Order,Credit Card,Completed
S10571,ORD5189,2025-06-18,C2041,P1029,1,5539.10,10,553.91,4985.19,Site Visit / Contractor Order,Credit Card,Completed
S10572,ORD5189,2025-06-18,C2041,P1006,14,147.09,10,205.93,1853.33,Site Visit / Contractor Order,Credit Card,Completed
S10573,ORD5190,2024-03-09,C2089,P1021,5,479.49,0,0.00,2397.45,Phone Order,Credit Card,Completed
S10574,ORD5190,2024-03-09,C2089,P1059,8,72.77,15,87.32,494.84,Phone Order,Credit Card,Completed
S10575,ORD5191,2024-09-24,C2034,P1056,4,107.71,0,0.00,430.84,Website,Cash,Completed
S10576,ORD5192,2025-11-18,C2109,P1002,23,122.29,0,0.00,2812.67,Site Visit / Contractor Order,Bank Transfer,Completed
S10577,ORD5192,2025-11-18,C2109,P1041,2,3937.79,10,787.56,7088.02,Site Visit / Contractor Order,Bank Transfer,Completed
S10578,ORD5192,2025-11-18,C2109,P1017,4,736.61,0,0.00,2946.44,Site Visit / Contractor Order,Bank Transfer,Completed
S10579,ORD5193,2025-11-16,C2049,P1032,3,8120.08,0,0.00,24360.24,Site Visit / Contractor Order,Cheque,Completed
S10580,ORD5193,2025-11-16,C2049,P1040,1,10577.02,0,0.00,10577.02,Site Visit / Contractor Order,Cheque,Completed
S10581,ORD5194,2025-03-28,C2030,P1039,5,17126.44,15,12844.83,72787.37,Showroom,UPI,Returned
S10582,ORD5194,2025-03-28,C2030,P1020,6,257.12,15,231.41,1311.31,Showroom,UPI,Returned
S10583,ORD5194,2025-03-28,C2030,P1003,28,136.23,0,0.00,3814.44,Showroom,UPI,Returned
S10584,ORD5194,2025-03-28,C2030,P1008,38,43.90,5,83.41,1584.79,Showroom,UPI,Returned
S10585,ORD5195,2025-11-10,C2010,P1017,2,736.61,0,0.00,1473.22,Showroom,Cash,Completed
S10586,ORD5195,2025-11-10,C2010,P1044,2,718.54,0,0.00,1437.08,Showroom,Bank Transfer,Completed
S10587,ORD5196,2025-06-20,C2099,P1031,3,5662.37,0,0.00,16987.11,Website,Credit Card,Completed
S10588,ORD5196,2025-06-20,C2099,P1039,1,17126.44,15,2568.97,14557.47,Website,Credit Card,Completed
S10589,ORD5196,2025-06-20,C2099,P1030,3,4994.96,0,0.00,14984.88,Website,Credit Card,Completed
S10590,ORD5196,2025-06-20,C2099,P1058,21,123.88,10,260.15,2341.33,Website,Credit Card,Completed
S10591,ORD5197,2025-01-06,C2079,P1007,21,50.91,0,0.00,1069.11,Site Visit / Contractor Order,Debit Card,Completed
S10592,ORD5197,2025-01-06,C2079,P1006,27,147.09,0,0.00,3971.43,Site Visit / Contractor Order,Debit Card,Completed
S10593,ORD5197,2025-01-06,C2079,P1053,26,214.82,0,0.00,5585.32,Site Visit / Contractor Order,Debit Card,Completed
S10594,ORD5197,2025-01-06,C2079,P1059,33,72.77,10,240.14,2161.27,Site Visit / Contractor Order,Debit Card,Completed
S10595,ORD5198,2026-05-14,C2011,P1050,10,315.82,5,157.91,3000.29,Site Visit / Contractor Order,Credit Card,Completed
S10596,ORD5199,2024-04-01,C2011,P1056,1,107.71,15,16.16,91.55,Site Visit / Contractor Order,Cheque,Completed
S10597,ORD5199,2024-04-01,C2011,P1055,13,55.79,0,0.00,725.27,Site Visit / Contractor Order,Cheque,Completed
S10598,ORD5199,2024-04-01,C2011,P1050,14,315.82,0,0.00,4421.48,Site Visit / Contractor Order,Cheque,Completed
S10599,ORD5200,2024-10-16,C2101,P1053,3,214.82,0,0.00,644.46,Showroom,Cheque,Cancelled
S10600,ORD5200,2024-10-16,C2101,P1032,2,8120.08,0,0.00,16240.16,Showroom,Cheque,Cancelled
S10601,ORD5201,2025-05-09,C2075,P1054,3,177.02,5,26.55,504.51,Phone Order,Credit (30 days),Cancelled
S10602,ORD5202,2025-01-27,C2106,P1014,6,950.32,10,570.19,5131.73,Showroom,UPI,Completed
S10603,ORD5202,2025-01-27,C2106,P1009,31,43.74,0,0.00,1355.94,Showroom,UPI,Completed
S10604,ORD5203,2024-03-07,C2002,P1030,4,4994.96,0,0.00,19979.84,Phone Order,Bank Transfer,Completed
S10605,ORD5203,2024-03-07,C2002,P1012,35,51.71,0,0.00,1809.85,Phone Order,Bank Transfer,Completed
S10606,ORD5203,2024-03-07,C2002,P1029,3,5539.10,10,1661.73,14955.57,Phone Order,Bank Transfer,Completed
S10607,ORD5204,2024-12-13,C2066,P1051,3,188.54,0,0.00,565.62,Website,Debit Card,Completed
S10608,ORD5204,2024-12-13,C2066,P1032,2,8120.08,0,0.00,16240.16,Website,Debit Card,Completed
S10609,ORD5204,2024-12-13,C2066,P1002,31,122.29,0,0.00,3790.99,Website,Debit Card,Completed
S10610,ORD5204,2024-12-13,C2066,P1012,35,51.71,10,180.99,1628.86,Website,Debit Card,Completed
S10611,ORD5205,2024-08-20,C2024,P1029,5,5539.10,0,0.00,27695.50,Website,Cash,Returned
S10612,ORD5205,2024-08-20,C2024,P1026,2,7306.62,0,0.00,14613.24,Website,Cash,Returned
S10613,ORD5205,2024-08-20,C2024,P1023,3,274.90,0,0.00,824.70,Website,Cash,Returned
S10614,ORD5205,2024-08-20,C2024,P1008,20,43.90,0,0.00,878.00,Website,Cash,Returned
S10615,ORD5206,2025-07-25,C2005,P1051,40,188.54,10,754.16,6787.44,Showroom,Bank Transfer,Returned
S10616,ORD5207,2024-07-10,C2026,P1061,34,35.53,15,181.20,1026.82,Showroom,Bank Transfer,Completed
S10617,ORD5207,2024-07-10,C2026,P1046,6,3804.20,15,3423.78,19401.42,Showroom,Bank Transfer,Completed
S10618,ORD5208,2024-05-20,C2100,P1060,32,129.76,10,415.23,3737.09,Website,Credit Card,Completed
S10619,ORD5208,2024-05-20,C2100,P1015,4,1318.46,10,527.38,4746.46,Website,Credit Card,Completed
S10620,ORD5208,2024-05-20,C2100,P1036,1,4892.01,10,489.20,4402.81,Website,Credit Card,Completed
S10621,ORD5208,2024-05-20,C2100,P1006,16,147.09,15,353.02,2000.42,Website,Credit Card,Completed
S10622,ORD5209,2025-07-20,C2063,P1030,1,4994.96,10,499.50,4495.46,Site Visit / Contractor Order,UPI,Cancelled
S10623,ORD5209,2025-07-20,C2063,P1009,23,43.74,0,0.00,1006.02,Site Visit / Contractor Order,UPI,Cancelled
S10624,ORD5209,2025-07-20,C2063,P1048,4,3312.78,0,0.00,13251.12,Site Visit / Contractor Order,UPI,Cancelled
S10625,ORD5210,2026-01-16,C2103,P1032,6,8120.08,5,2436.02,46284.46,Website,Bank Transfer,Completed
S10626,ORD5210,2026-01-16,C2103,P1025,5,613.26,15,459.94,2606.36,Website,Bank Transfer,Completed
S10627,ORD5210,2026-01-16,C2103,P1001,19,133.12,15,379.39,2149.89,Website,Bank Transfer,Completed
S10628,ORD5211,2024-06-16,C2036,P1004,35,157.89,15,828.92,4697.23,Showroom,Debit Card,Completed
S10629,ORD5211,2024-06-16,C2036,P1034,6,2889.86,0,0.00,17339.16,Showroom,Debit Card,Completed
S10630,ORD5211,2024-06-16,C2036,P1060,27,129.76,5,175.18,3328.34,Showroom,Debit Card,Completed
S10631,ORD5211,2024-06-16,C2036,P1038,6,17932.15,10,10759.29,96833.61,Showroom,Debit Card,Completed
S10632,ORD5211,2024-06-16,C2036,P1022,1,550.30,0,0.00,550.30,Showroom,Debit Card,Completed
S10633,ORD5212,2024-04-19,C2042,P1007,25,50.91,15,190.91,1081.84,Showroom,Credit (30 days),Returned
S10634,ORD5213,2025-04-04,C2101,P1059,24,72.77,0,0.00,1746.48,Phone Order,UPI,Completed
S10635,ORD5213,2025-04-04,C2101,P1011,19,60.67,0,0.00,1152.73,Phone Order,UPI,Completed
S10636,ORD5213,2025-04-04,C2101,P1051,18,188.54,0,0.00,3393.72,Phone Order,UPI,Completed
S10637,ORD5213,2025-04-04,C2101,P1017,6,736.61,0,0.00,4419.66,Phone Order,UPI,Completed
S10638,ORD5213,2025-04-04,C2101,P1043,2,3079.11,0,0.00,6158.22,Phone Order,UPI,Completed
S10639,ORD5214,2025-01-04,C2070,P1013,4,431.88,0,0.00,1727.52,Showroom,Cash,Completed
S10640,ORD5214,2025-01-04,C2070,P1001,16,133.12,0,0.00,2129.92,Showroom,Cash,Completed
S10641,ORD5214,2025-01-04,C2070,P1010,32,43.54,5,69.66,1323.62,Showroom,Cash,Completed
S10642,ORD5214,2025-01-04,C2070,P1026,3,7306.62,0,0.00,21919.86,Showroom,Cash,Completed
S10643,ORD5215,2026-08-26,C2002,P1033,3,2158.06,0,0.00,6474.18,Phone Order,Bank Transfer,Completed
S10644,ORD5215,2026-08-26,C2002,P1026,6,7306.62,15,6575.96,37263.76,Phone Order,Bank Transfer,Completed
S10645,ORD5216,2025-11-16,C2094,P1008,17,43.90,10,74.63,671.67,Phone Order,UPI,Pending
S10646,ORD5217,2024-01-21,C2081,P1058,4,123.88,15,74.33,421.19,Showroom,Cheque,Completed
S10647,ORD5218,2024-05-21,C2062,P1042,2,16071.09,5,1607.11,30535.07,Site Visit / Contractor Order,Cash,Returned
S10648,ORD5218,2024-05-21,C2062,P1025,6,613.26,15,551.93,3127.63,Site Visit / Contractor Order,Cash,Returned
S10649,ORD5218,2024-05-21,C2062,P1051,37,188.54,0,0.00,6975.98,Site Visit / Contractor Order,Cash,Returned
S10650,ORD5219,2025-07-28,C2018,P1050,21,315.82,10,663.22,5969.00,Phone Order,UPI,Pending
S10651,ORD5220,2026-03-13,C2095,P1062,38,121.84,15,694.49,3935.43,Site Visit / Contractor Order,Debit Card,Completed
S10652,ORD5220,2026-03-13,C2095,P1003,33,136.23,15,674.34,3821.25,Site Visit / Contractor Order,Debit Card,Completed
S10653,ORD5220,2026-03-13,C2095,P1002,23,122.29,0,0.00,2812.67,Site Visit / Contractor Order,Debit Card,Completed
S10654,ORD5221,2024-02-11,C2107,P1025,1,613.26,5,30.66,582.60,Website,UPI,Completed
S10655,ORD5221,2024-02-11,C2107,P1008,25,43.90,0,0.00,1097.50,Website,UPI,Completed
S10656,ORD5221,2024-02-11,C2107,P1012,26,51.71,5,67.22,1277.24,Website,UPI,Completed
S10657,ORD5222,2026-01-18,C2045,P1018,3,389.15,5,58.37,1109.08,Website,Cash,Cancelled
S10658,ORD5222,2026-01-18,C2045,P1033,3,2158.06,0,0.00,6474.18,Website,Cash,Cancelled
S10659,ORD5222,2026-01-18,C2045,P1062,37,121.84,10,450.81,4057.27,Website,Cash,Cancelled
S10660,ORD5223,2024-06-25,C2089,P1006,37,147.09,0,0.00,5442.33,Phone Order,Credit Card,Completed
S10661,ORD5223,2024-06-25,C2089,P1029,2,5539.10,0,0.00,11078.20,Phone Order,Credit Card,Completed
S10662,ORD5223,2024-06-25,C2089,P1036,1,4892.01,0,0.00,4892.01,Phone Order,Credit Card,Completed
S10663,ORD5223,2024-06-25,C2089,P1050,28,315.82,0,0.00,8842.96,Phone Order,Credit Card,Completed
S10664,ORD5224,2026-09-11,C2070,P1061,33,35.53,0,0.00,1172.49,Site Visit / Contractor Order,UPI,Completed
S10665,ORD5224,2026-09-11,C2070,P1010,2,43.54,10,8.71,78.37,Site Visit / Contractor Order,UPI,Completed
S10666,ORD5224,2026-09-11,C2070,P1049,16,84.28,10,134.85,1213.63,Site Visit / Contractor Order,UPI,Completed
S10667,ORD5224,2026-09-11,C2070,P1032,3,8120.08,0,0.00,24360.24,Site Visit / Contractor Order,UPI,Completed
S10668,ORD5224,2026-09-11,C2070,P1038,1,17932.15,0,0.00,17932.15,Site Visit / Contractor Order,UPI,Completed
S10669,ORD5225,2025-04-27,C2072,P1045,3,2349.19,15,1057.14,5990.43,Website,Credit Card,Completed
S10670,ORD5225,2025-04-27,C2072,P1025,5,613.26,10,306.63,2759.67,Website,Credit Card,Completed
S10671,ORD5225,2025-04-27,C2072,P1043,3,3079.11,5,461.87,8775.46,Website,Credit Card,Completed
S10672,ORD5225,2025-04-27,C2072,P1040,4,10577.02,0,0.00,42308.08,Website,Credit Card,Completed
S10673,ORD5226,2025-05-08,C2114,P1004,25,157.89,0,0.00,3947.25,Site Visit / Contractor Order,Credit Card,Pending
S10674,ORD5226,2025-05-08,C2114,P1051,34,188.54,15,961.55,5448.81,Site Visit / Contractor Order,Credit Card,Pending
S10675,ORD5226,2025-05-08,C2114,P1040,1,10577.02,0,0.00,10577.02,Site Visit / Contractor Order,Credit Card,Pending
S10676,ORD5226,2025-05-08,C2114,P1027,5,9174.46,0,0.00,45872.30,Site Visit / Contractor Order,Credit Card,Pending
S10677,ORD5227,2024-05-29,C2068,P1062,29,121.84,0,0.00,3533.36,Phone Order,Debit Card,Returned
S10678,ORD5227,2024-05-29,C2068,P1011,9,60.67,0,0.00,546.03,Phone Order,Debit Card,Returned
S10679,ORD5228,2026-02-06,C2098,P1003,15,136.23,0,0.00,2043.45,Showroom,Cheque,Completed
S10680,ORD5228,2026-02-06,C2098,P1007,5,50.91,0,0.00,254.55,Showroom,Cheque,Completed
S10681,ORD5228,2026-02-06,C2098,P1028,1,9015.25,0,0.00,9015.25,Showroom,Cheque,Completed
S10682,ORD5228,2026-02-06,C2098,P1037,1,11451.05,0,0.00,11451.05,Showroom,Cheque,Completed
S10683,ORD5229,2026-04-17,C2063,P1019,2,264.47,0,0.00,528.94,Showroom,Cash,Completed
S10684,ORD5230,2024-08-12,C2089,P1008,31,43.90,0,0.00,1360.90,Site Visit / Contractor Order,Debit Card,Completed
S10685,ORD5230,2024-08-12,C2089,P1056,25,107.71,0,0.00,2692.75,Site Visit / Contractor Order,Debit Card,Completed
S10686,ORD5230,2024-08-12,C2089,P1037,4,11451.05,0,0.00,45804.20,Site Visit / Contractor Order,Debit Card,Completed
S10687,ORD5230,2024-08-12,C2089,P1045,2,2349.19,15,704.76,3993.62,Site Visit / Contractor Order,Debit Card,Completed
S10688,ORD5231,2026-07-03,C2081,P1052,19,180.78,0,0.00,3434.82,Website,Credit (30 days),Completed
S10689,ORD5231,2026-07-03,C2081,P1046,5,3804.20,15,2853.15,16167.85,Website,Credit (30 days),Completed
S10690,ORD5231,2026-07-03,C2081,P1050,7,315.82,5,110.54,2100.20,Website,Credit (30 days),Completed
S10691,ORD5232,2025-05-28,C2081,P1028,3,9015.25,0,0.00,27045.75,Phone Order,Cash,Completed
S10692,ORD5232,2025-05-28,C2081,P1013,3,431.88,0,0.00,1295.64,Phone Order,Cash,Completed
S10693,ORD5232,2025-05-28,C2081,P1006,35,147.09,0,0.00,5148.15,Phone Order,Cash,Completed
S10694,ORD5232,2025-05-28,C2081,P1030,6,4994.96,0,0.00,29969.76,Phone Order,Cash,Completed
S10695,ORD5233,2024-07-23,C2101,P1039,4,17126.44,0,0.00,68505.76,Showroom,Cash,Pending
S10696,ORD5233,2024-07-23,C2101,P1031,3,5662.37,0,0.00,16987.11,Showroom,Cash,Pending
S10697,ORD5233,2024-07-23,C2101,P1034,3,2889.86,0,0.00,8669.58,Showroom,Cash,Pending
S10698,ORD5233,2024-07-23,C2101,P1042,1,16071.09,0,0.00,16071.09,Showroom,Cash,Pending
S10699,ORD5234,2026-05-12,C2091,P1026,6,7306.62,15,6575.96,37263.76,Site Visit / Contractor Order,Credit (30 days),Completed
S10700,ORD5234,2026-05-12,C2091,P1034,5,2889.86,15,2167.39,12281.91,Site Visit / Contractor Order,Credit (30 days),Completed
S10701,ORD5234,2026-05-12,C2091,P1043,3,3079.11,0,0.00,9237.33,Site Visit / Contractor Order,Credit (30 days),Completed
S10702,ORD5235,2025-03-26,C2030,P1048,3,3312.78,0,0.00,9938.34,Showroom,Credit (30 days),Returned
S10703,ORD5235,2025-03-26,C2030,P1055,9,55.79,10,50.21,451.90,Showroom,Credit (30 days),Returned
S10704,ORD5235,2025-03-26,C2030,P1052,21,180.78,5,189.82,3606.56,Showroom,Credit (30 days),Returned
S10705,ORD5235,2025-03-26,C2030,P1010,1,43.54,0,0.00,43.54,Showroom,Credit (30 days),Returned
S10706,ORD5236,2024-12-02,C2084,P1046,1,3804.20,0,0.00,3804.20,Showroom,Cheque,Completed
S10707,ORD5236,2024-12-02,C2084,P1006,39,147.09,0,0.00,5736.51,Showroom,Cheque,Completed
S10708,ORD5236,2024-12-02,C2084,P1018,1,389.15,15,58.37,330.78,Showroom,Cheque,Completed
S10709,ORD5236,2024-12-02,C2084,P1037,5,11451.05,0,0.00,57255.25,Showroom,Cheque,Completed
S10710,ORD5236,2024-12-02,C2084,P1039,3,17126.44,0,0.00,51379.32,Showroom,Cheque,Completed
S10711,ORD5237,2025-01-10,C2054,P1029,4,5539.10,0,0.00,22156.40,Phone Order,Credit Card,Completed
S10712,ORD5237,2025-01-10,C2054,P1032,2,8120.08,0,0.00,16240.16,Phone Order,Credit Card,Completed
S10713,ORD5237,2025-01-10,C2054,P1008,3,43.90,15,19.75,111.95,Phone Order,Credit Card,Completed
S10714,ORD5238,2026-08-30,C2079,P1063,40,112.97,0,0.00,4518.80,Phone Order,Bank Transfer,Completed
S10715,ORD5239,2026-05-07,C2010,P1039,1,17126.44,0,0.00,17126.44,Site Visit / Contractor Order,Credit Card,Pending
S10716,ORD5239,2026-05-07,C2010,P1021,6,479.49,5,143.85,2733.09,Site Visit / Contractor Order,Credit Card,Pending
S10717,ORD5240,2024-10-04,C2019,P1016,3,1091.69,0,0.00,3275.07,Site Visit / Contractor Order,Debit Card,Completed
S10718,ORD5241,2025-01-25,C2064,P1012,37,51.71,10,191.33,1721.94,Website,Cash,Returned
S10719,ORD5241,2025-01-25,C2064,P1006,17,147.09,10,250.05,2250.48,Website,Cash,Returned
S10720,ORD5241,2025-01-25,C2064,P1063,23,112.97,10,259.83,2338.48,Website,Cash,Returned
S10721,ORD5241,2025-01-25,C2064,P1005,12,77.51,0,0.00,930.12,Website,Cash,Returned
S10722,ORD5241,2025-01-25,C2064,P1024,3,353.21,0,0.00,1059.63,Website,Cash,Returned
S10723,ORD5242,2024-04-05,C2060,P1016,3,1091.69,10,327.51,2947.56,Website,UPI,Completed
S10724,ORD5242,2024-04-05,C2060,P1062,18,121.84,10,219.31,1973.81,Website,UPI,Completed
S10725,ORD5242,2024-04-05,C2060,P1051,4,188.54,15,113.12,641.04,Website,UPI,Completed
S10726,ORD5242,2024-04-05,C2060,P1060,34,129.76,10,441.18,3970.66,Website,UPI,Completed
S10727,ORD5242,2024-04-05,C2060,P1003,25,136.23,0,0.00,3405.75,Website,UPI,Completed
S10728,ORD5243,2026-07-10,C2066,P1060,8,129.76,10,103.81,934.27,Site Visit / Contractor Order,Cash,Completed
S10729,ORD5243,2026-07-10,C2066,P1010,19,43.54,0,0.00,827.26,Site Visit / Contractor Order,Cash,Completed
S10730,ORD5243,2026-07-10,C2066,P1052,31,180.78,15,840.63,4763.55,Site Visit / Contractor Order,Cash,Completed
S10731,ORD5243,2026-07-10,C2066,P1015,4,1318.46,0,0.00,5273.84,Site Visit / Contractor Order,Cash,Completed
S10732,ORD5244,2024-07-15,C2015,P1028,3,9015.25,0,0.00,27045.75,Phone Order,Credit Card,Pending
S10733,ORD5244,2024-07-15,C2015,P1061,9,35.53,10,31.98,287.79,Phone Order,Credit Card,Pending
S10734,ORD5244,2024-07-15,C2015,P1045,2,2349.19,0,0.00,4698.38,Phone Order,Credit Card,Pending
S10735,ORD5244,2024-07-15,C2015,P1020,6,257.12,10,154.27,1388.45,Phone Order,Credit Card,Pending
S10736,ORD5244,2024-07-15,C2015,P1063,27,112.97,0,0.00,3050.19,Phone Order,Cash,Pending
S10737,ORD5245,2025-12-09,C2025,P1044,3,718.54,0,0.00,2155.62,Website,Cheque,Completed
S10738,ORD5245,2025-12-09,C2025,P1053,4,214.82,0,0.00,859.28,Website,Cheque,Completed
S10739,ORD5245,2025-12-09,C2025,P1029,6,5539.10,0,0.00,33234.60,Website,Cheque,Completed
S10740,ORD5246,2026-03-19,C2113,P1019,3,264.47,0,0.00,793.41,Phone Order,Cash,Cancelled
S10741,ORD5246,2026-03-19,C2113,P1036,2,4892.01,0,0.00,9784.02,Phone Order,Cash,Cancelled
S10742,ORD5247,2026-03-14,C2024,P1041,2,3937.79,15,1181.34,6694.24,Website,Cheque,Completed
S10743,ORD5247,2026-03-14,C2024,P1055,10,55.79,0,0.00,557.90,Website,Cheque,Completed
S10744,ORD5248,2026-05-17,C2101,P1025,1,613.26,0,0.00,613.26,Phone Order,Cash,Completed
S10745,ORD5248,2026-05-17,C2101,P1017,4,736.61,10,294.64,2651.80,Phone Order,Cash,Completed
S10746,ORD5249,2026-06-13,C2030,P1051,12,188.54,5,113.12,2149.36,Showroom,Cheque,Returned
S10747,ORD5250,2026-07-07,C2083,P1021,1,479.49,0,0.00,479.49,Website,Cash,Returned
S10748,ORD5251,2026-03-05,C2013,P1007,18,50.91,10,91.64,824.74,Phone Order,UPI,Completed
S10749,ORD5251,2026-03-05,C2013,P1055,40,55.79,0,0.00,2231.60,Phone Order,UPI,Completed
S10750,ORD5251,2026-03-05,C2013,P1034,2,2889.86,10,577.97,5201.75,Phone Order,UPI,Completed
S10751,ORD5251,2026-03-05,C2013,P1004,26,157.89,10,410.51,3694.63,Phone Order,UPI,Completed
S10752,ORD5252,2025-09-04,C2058,P1046,1,3804.20,0,0.00,3804.20,Website,Cheque,Completed
S10753,ORD5252,2025-09-04,C2058,P1022,3,550.30,0,0.00,1650.90,Website,Cheque,Completed
S10754,ORD5253,2025-04-06,C2113,P1050,37,315.82,0,0.00,11685.34,Showroom,Bank Transfer,Completed
S10755,ORD5254,2024-02-11,C2013,P1005,5,77.51,0,0.00,387.55,Site Visit / Contractor Order,UPI,Completed
S10756,ORD5254,2024-02-11,C2013,P1037,6,11451.05,0,0.00,68706.30,Site Visit / Contractor Order,UPI,Completed
S10757,ORD5254,2024-02-11,C2013,P1028,3,9015.25,0,0.00,27045.75,Site Visit / Contractor Order,UPI,Completed
S10758,ORD5255,2025-01-22,C2021,P1054,26,177.02,5,230.13,4372.39,Website,UPI,Cancelled
S10759,ORD5255,2025-01-22,C2021,P1061,23,35.53,0,0.00,817.19,Website,UPI,Cancelled
S10760,ORD5255,2025-01-22,C2021,P1004,3,157.89,15,71.05,402.62,Website,UPI,Cancelled
S10761,ORD5255,2025-01-22,C2021,P1047,6,2185.83,5,655.75,12459.23,Website,UPI,Cancelled
S10762,ORD5256,2026-07-11,C2057,P1056,7,107.71,5,37.70,716.27,Showroom,Debit Card,Pending
S10763,ORD5256,2026-07-11,C2057,P1007,10,50.91,0,0.00,509.10,Showroom,Debit Card,Pending
S10764,ORD5256,2026-07-11,C2057,P1002,17,122.29,0,0.00,2078.93,Showroom,Debit Card,Pending
S10765,ORD5256,2026-07-11,C2057,P1012,18,51.71,0,0.00,930.78,Showroom,Debit Card,Pending
S10766,ORD5257,2024-04-11,C2061,P1012,35,51.71,0,0.00,1809.85,Site Visit / Contractor Order,Bank Transfer,Returned
S10767,ORD5257,2024-04-11,C2061,P1052,2,180.78,0,0.00,361.56,Site Visit / Contractor Order,Bank Transfer,Returned
S10768,ORD5257,2024-04-11,C2061,P1029,4,5539.10,0,0.00,22156.40,Site Visit / Contractor Order,Bank Transfer,Returned
S10769,ORD5257,2024-04-11,C2061,P1007,30,50.91,0,0.00,1527.30,Site Visit / Contractor Order,Bank Transfer,Returned
S10770,ORD5257,2024-04-11,C2061,P1045,4,2349.19,0,0.00,9396.76,Site Visit / Contractor Order,Bank Transfer,Returned
S10771,ORD5258,2026-08-28,C2065,P1022,6,550.30,0,0.00,3301.80,Site Visit / Contractor Order,Debit Card,Completed
S10772,ORD5258,2026-08-28,C2065,P1036,3,4892.01,0,0.00,14676.03,Site Visit / Contractor Order,Debit Card,Completed
S10773,ORD5259,2025-02-06,C2119,P1063,14,112.97,0,0.00,1581.58,Phone Order,Credit (30 days),Completed
S10774,ORD5259,2025-02-06,C2119,P1021,3,479.49,5,71.92,1366.55,Phone Order,Credit (30 days),Completed
S10775,ORD5259,2025-02-06,C2119,P1049,18,84.28,15,227.56,1289.48,Phone Order,Credit (30 days),Completed
S10776,ORD5259,2025-02-06,C2119,P1001,15,133.12,5,99.84,1896.96,Phone Order,Credit (30 days),Completed
S10777,ORD5259,2025-02-06,C2119,P1058,10,123.88,0,0.00,1238.80,Phone Order,Credit (30 days),Completed
S10778,ORD5260,2026-05-13,C2098,P1015,2,1318.46,10,263.69,2373.23,Site Visit / Contractor Order,UPI,Returned
S10779,ORD5260,2026-05-13,C2098,P1043,2,3079.11,5,307.91,5850.31,Site Visit / Contractor Order,UPI,Returned
S10780,ORD5260,2026-05-13,C2098,P1041,6,3937.79,0,0.00,23626.74,Site Visit / Contractor Order,UPI,Returned
S10781,ORD5261,2024-02-25,C2067,P1056,21,107.71,0,0.00,2261.91,Website,Cash,Completed
S10782,ORD5261,2024-02-25,C2067,P1040,1,10577.02,0,0.00,10577.02,Website,Cash,Completed
S10783,ORD5261,2024-02-25,C2067,P1041,2,3937.79,15,1181.34,6694.24,Website,Cash,Completed
S10784,ORD5262,2026-09-07,C2062,P1037,1,11451.05,15,1717.66,9733.39,Website,Credit (30 days),Pending
S10785,ORD5262,2026-09-07,C2062,P1014,6,950.32,15,855.29,4846.63,Website,Credit (30 days),Pending
S10786,ORD5262,2026-09-07,C2062,P1023,4,274.90,10,109.96,989.64,Website,Credit (30 days),Pending
S10787,ORD5263,2025-08-26,C2075,P1032,3,8120.08,0,0.00,24360.24,Website,Credit Card,Completed
S10788,ORD5263,2025-08-26,C2075,P1042,2,16071.09,0,0.00,32142.18,Website,Credit Card,Completed
S10789,ORD5263,2025-08-26,C2075,P1026,5,7306.62,0,0.00,36533.10,Website,Cash,Completed
S10790,ORD5263,2025-08-26,C2075,P1008,6,43.90,0,0.00,263.40,Website,Credit Card,Completed
S10791,ORD5264,2025-08-22,C2064,P1006,27,147.09,15,595.71,3375.72,Website,Credit Card,Returned
S10792,ORD5265,2024-12-05,C2017,P1031,1,5662.37,5,283.12,5379.25,Showroom,Cash,Cancelled
S10793,ORD5265,2024-12-05,C2017,P1011,8,60.67,15,72.80,412.56,Showroom,Cash,Cancelled
S10794,ORD5265,2024-12-05,C2017,P1033,4,2158.06,5,431.61,8200.63,Showroom,Cash,Cancelled
S10795,ORD5265,2024-12-05,C2017,P1048,3,3312.78,0,0.00,9938.34,Showroom,Cash,Cancelled
S10796,ORD5266,2025-08-12,C2014,P1034,6,2889.86,0,0.00,17339.16,Website,Cash,Completed
S10797,ORD5266,2025-08-12,C2014,P1010,4,43.54,10,17.42,156.74,Website,Debit Card,Completed
S10798,ORD5266,2025-08-12,C2014,P1044,1,718.54,0,0.00,718.54,Website,Debit Card,Completed
S10799,ORD5266,2025-08-12,C2014,P1061,12,35.53,0,0.00,426.36,Website,Debit Card,Completed
S10800,ORD5267,2025-02-23,C2101,P1024,3,353.21,0,0.00,1059.63,Phone Order,Credit (30 days),Completed
S10801,ORD5268,2025-10-05,C2059,P1046,1,3804.20,15,570.63,3233.57,Website,Debit Card,Completed
S10802,ORD5268,2025-10-05,C2059,P1052,7,180.78,0,0.00,1265.46,Website,Debit Card,Completed
S10803,ORD5269,2026-06-22,C2092,P1017,4,736.61,5,147.32,2799.12,Phone Order,Credit Card,Completed
S10804,ORD5269,2026-06-22,C2092,P1041,5,3937.79,0,0.00,19688.95,Phone Order,Credit Card,Completed
S10805,ORD5269,2026-06-22,C2092,P1029,1,5539.10,15,830.87,4708.23,Phone Order,Credit Card,Completed
S10806,ORD5270,2025-12-15,C2097,P1006,6,147.09,15,132.38,750.16,Phone Order,Debit Card,Completed
S10807,ORD5271,2025-03-01,C2044,P1060,31,129.76,0,0.00,4022.56,Showroom,Credit (30 days),Completed
S10808,ORD5271,2025-03-01,C2044,P1052,14,180.78,5,126.55,2404.37,Showroom,Credit (30 days),Completed
S10809,ORD5271,2025-03-01,C2044,P1059,9,72.77,0,0.00,654.93,Showroom,Credit (30 days),Completed
S10810,ORD5271,2025-03-01,C2044,P1043,3,3079.11,0,0.00,9237.33,Showroom,Credit (30 days),Completed
S10811,ORD5272,2024-10-26,C2044,P1036,1,4892.01,0,0.00,4892.01,Showroom,UPI,Completed
S10812,ORD5272,2024-10-26,C2044,P1022,1,550.30,0,0.00,550.30,Showroom,UPI,Completed
S10813,ORD5272,2024-10-26,C2044,P1004,10,157.89,0,0.00,1578.90,Showroom,UPI,Completed
S10814,ORD5272,2024-10-26,C2044,P1047,1,2185.83,15,327.87,1857.96,Showroom,Cash,Completed
S10815,ORD5272,2024-10-26,C2044,P1014,2,950.32,0,0.00,1900.64,Showroom,UPI,Completed
S10816,ORD5273,2024-07-28,C2092,P1035,6,9670.80,15,8703.72,49321.08,Website,Credit Card,Pending
S10817,ORD5273,2024-07-28,C2092,P1056,32,107.71,0,0.00,3446.72,Website,Credit Card,Pending
S10818,ORD5274,2026-01-06,C2005,P1021,6,479.49,15,431.54,2445.40,Showroom,Credit Card,Cancelled
S10819,ORD5274,2026-01-06,C2005,P1045,3,2349.19,0,0.00,7047.57,Showroom,Credit Card,Cancelled
S10820,ORD5275,2025-04-06,C2030,P1050,34,315.82,15,1610.68,9127.20,Showroom,Debit Card,Completed
S10821,ORD5276,2025-09-11,C2103,P1029,2,5539.10,15,1661.73,9416.47,Website,Credit Card,Completed
S10822,ORD5276,2025-09-11,C2103,P1045,4,2349.19,0,0.00,9396.76,Website,Credit Card,Completed
S10823,ORD5276,2025-09-11,C2103,P1023,2,274.90,0,0.00,549.80,Website,Credit Card,Completed
S10824,ORD5277,2026-05-15,C2103,P1042,1,16071.09,5,803.55,15267.54,Showroom,Credit (30 days),Completed
S10825,ORD5277,2026-05-15,C2103,P1001,18,133.12,0,0.00,2396.16,Showroom,Credit (30 days),Completed
S10826,ORD5278,2025-04-30,C2087,P1020,4,257.12,15,154.27,874.21,Showroom,Cash,Pending
S10827,ORD5279,2025-03-31,C2068,P1063,38,112.97,0,0.00,4292.86,Site Visit / Contractor Order,Debit Card,Pending
S10828,ORD5279,2025-03-31,C2068,P1002,38,122.29,0,0.00,4647.02,Site Visit / Contractor Order,Debit Card,Pending
S10829,ORD5279,2025-03-31,C2068,P1031,6,5662.37,0,0.00,33974.22,Site Visit / Contractor Order,Debit Card,Pending
S10830,ORD5279,2025-03-31,C2068,P1057,35,129.53,15,680.03,3853.52,Site Visit / Contractor Order,Debit Card,Pending
S10831,ORD5280,2024-12-29,C2074,P1017,6,736.61,0,0.00,4419.66,Site Visit / Contractor Order,Credit Card,Cancelled
S10832,ORD5280,2024-12-29,C2074,P1034,4,2889.86,10,1155.94,10403.50,Site Visit / Contractor Order,Credit Card,Cancelled
S10833,ORD5281,2025-12-20,C2111,P1031,4,5662.37,5,1132.47,21517.01,Phone Order,Debit Card,Returned
S10834,ORD5281,2025-12-20,C2111,P1019,6,264.47,10,158.68,1428.14,Phone Order,Debit Card,Returned
S10835,ORD5281,2025-12-20,C2111,P1046,5,3804.20,0,0.00,19021.00,Phone Order,Debit Card,Returned
S10836,ORD5282,2024-03-01,C2025,P1032,4,8120.08,0,0.00,32480.32,Showroom,UPI,Completed
S10837,ORD5283,2024-02-05,C2095,P1026,5,7306.62,0,0.00,36533.10,Showroom,UPI,Returned
S10838,ORD5283,2024-02-05,C2095,P1033,6,2158.06,0,0.00,12948.36,Showroom,UPI,Returned
S10839,ORD5283,2024-02-05,C2095,P1027,5,9174.46,10,4587.23,41285.07,Showroom,UPI,Returned
S10840,ORD5284,2025-02-15,C2115,P1005,12,77.51,0,0.00,930.12,Website,Bank Transfer,Completed
S10841,ORD5284,2025-02-15,C2115,P1003,36,136.23,0,0.00,4904.28,Website,Bank Transfer,Completed
S10842,ORD5284,2025-02-15,C2115,P1032,1,8120.08,0,0.00,8120.08,Website,Bank Transfer,Completed
S10843,ORD5284,2025-02-15,C2115,P1055,10,55.79,0,0.00,557.90,Website,Bank Transfer,Completed
S10844,ORD5285,2025-08-19,C2089,P1051,4,188.54,0,0.00,754.16,Website,Cheque,Completed
S10845,ORD5285,2025-08-19,C2089,P1023,6,274.90,10,164.94,1484.46,Website,Cheque,Completed
S10846,ORD5285,2025-08-19,C2089,P1063,23,112.97,0,0.00,2598.31,Website,Cheque,Completed
S10847,ORD5285,2025-08-19,C2089,P1060,19,129.76,0,0.00,2465.44,Website,Cheque,Completed
S10848,ORD5286,2025-03-29,C2043,P1031,2,5662.37,0,0.00,11324.74,Phone Order,UPI,Pending
S10849,ORD5286,2025-03-29,C2043,P1052,18,180.78,0,0.00,3254.04,Phone Order,UPI,Pending
S10850,ORD5286,2025-03-29,C2043,P1045,3,2349.19,0,0.00,7047.57,Phone Order,UPI,Pending
S10851,ORD5286,2025-03-29,C2043,P1051,38,188.54,0,0.00,7164.52,Phone Order,UPI,Pending
S10852,ORD5286,2025-03-29,C2043,P1030,3,4994.96,0,0.00,14984.88,Phone Order,UPI,Pending
S10853,ORD5287,2025-10-16,C2068,P1031,6,5662.37,0,0.00,33974.22,Phone Order,UPI,Cancelled
S10854,ORD5287,2025-10-16,C2068,P1004,6,157.89,0,0.00,947.34,Phone Order,UPI,Cancelled
S10855,ORD5287,2025-10-16,C2068,P1017,4,736.61,10,294.64,2651.80,Phone Order,UPI,Cancelled
S10856,ORD5287,2025-10-16,C2068,P1020,3,257.12,0,0.00,771.36,Phone Order,UPI,Cancelled
S10857,ORD5287,2025-10-16,C2068,P1027,1,9174.46,0,0.00,9174.46,Phone Order,UPI,Cancelled
S10858,ORD5288,2026-05-24,C2088,P1054,32,177.02,0,0.00,5664.64,Showroom,UPI,Returned
S10859,ORD5288,2026-05-24,C2088,P1056,22,107.71,0,0.00,2369.62,Showroom,UPI,Returned
S10860,ORD5288,2026-05-24,C2088,P1020,3,257.12,0,0.00,771.36,Showroom,UPI,Returned
S10861,ORD5288,2026-05-24,C2088,P1063,5,112.97,15,84.73,480.12,Showroom,UPI,Returned
S10862,ORD5289,2026-02-12,C2075,P1054,26,177.02,0,0.00,4602.52,Website,Cheque,Completed
S10863,ORD5289,2026-02-12,C2075,P1049,3,84.28,15,37.93,214.91,Website,Cheque,Completed
S10864,ORD5289,2026-02-12,C2075,P1023,2,274.90,0,0.00,549.80,Website,Cheque,Completed
S10865,ORD5290,2024-11-11,C2104,P1031,2,5662.37,0,0.00,11324.74,Website,Credit (30 days),Cancelled
S10866,ORD5290,2024-11-11,C2104,P1037,4,11451.05,5,2290.21,43513.99,Website,Credit (30 days),Cancelled
S10867,ORD5290,2024-11-11,C2104,P1056,2,107.71,0,0.00,215.42,Website,Credit (30 days),Cancelled
S10868,ORD5290,2024-11-11,C2104,P1009,11,43.74,0,0.00,481.14,Website,Credit (30 days),Cancelled
S10869,ORD5291,2026-07-19,C2118,P1042,1,16071.09,0,0.00,16071.09,Phone Order,Cheque,Pending
S10870,ORD5291,2026-07-19,C2118,P1007,29,50.91,15,221.46,1254.93,Phone Order,Cheque,Pending
S10871,ORD5291,2026-07-19,C2118,P1048,2,3312.78,0,0.00,6625.56,Phone Order,Cheque,Pending
S10872,ORD5292,2024-01-14,C2005,P1023,6,274.90,0,0.00,1649.40,Showroom,Debit Card,Returned
S10873,ORD5292,2024-01-14,C2005,P1009,25,43.74,10,109.35,984.15,Showroom,Debit Card,Returned
S10874,ORD5292,2024-01-14,C2005,P1054,17,177.02,0,0.00,3009.34,Showroom,Debit Card,Returned
S10875,ORD5293,2026-05-24,C2049,P1035,3,9670.80,0,0.00,29012.40,Site Visit / Contractor Order,Cheque,Returned
S10876,ORD5293,2026-05-24,C2049,P1010,25,43.54,0,0.00,1088.50,Site Visit / Contractor Order,Cheque,Returned
S10877,ORD5293,2026-05-24,C2049,P1028,1,9015.25,15,1352.29,7662.96,Site Visit / Contractor Order,Cheque,Returned
S10878,ORD5293,2026-05-24,C2049,P1018,2,389.15,10,77.83,700.47,Site Visit / Contractor Order,Cash,Returned
S10879,ORD5293,2026-05-24,C2049,P1060,10,129.76,0,0.00,1297.60,Site Visit / Contractor Order,Cheque,Returned
S10880,ORD5294,2026-05-09,C2070,P1039,3,17126.44,5,2568.97,48810.35,Website,Cash,Completed
S10881,ORD5295,2025-10-21,C2064,P1035,5,9670.80,5,2417.70,45936.30,Phone Order,Cheque,Completed
S10882,ORD5295,2025-10-21,C2064,P1006,25,147.09,0,0.00,3677.25,Phone Order,Cheque,Completed
S10883,ORD5295,2025-10-21,C2064,P1018,4,389.15,15,233.49,1323.11,Phone Order,Cheque,Completed
S10884,ORD5295,2025-10-21,C2064,P1019,5,264.47,0,0.00,1322.35,Phone Order,Cheque,Completed
S10885,ORD5296,2026-04-28,C2087,P1039,2,17126.44,0,0.00,34252.88,Showroom,Credit (30 days),Completed
S10886,ORD5296,2026-04-28,C2087,P1020,3,257.12,0,0.00,771.36,Showroom,Credit (30 days),Completed
S10887,ORD5297,2026-02-04,C2082,P1019,4,264.47,10,105.79,952.09,Website,Cheque,Cancelled
S10888,ORD5297,2026-02-04,C2082,P1053,28,214.82,5,300.75,5714.21,Website,Cheque,Cancelled
S10889,ORD5297,2026-02-04,C2082,P1041,5,3937.79,0,0.00,19688.95,Website,Cheque,Cancelled
S10890,ORD5297,2026-02-04,C2082,P1049,8,84.28,5,33.71,640.53,Website,Cheque,Cancelled
S10891,ORD5298,2025-01-10,C2046,P1004,13,157.89,0,0.00,2052.57,Showroom,UPI,Completed
S10892,ORD5298,2025-01-10,C2046,P1036,4,4892.01,0,0.00,19568.04,Showroom,UPI,Completed
S10893,ORD5298,2025-01-10,C2046,P1008,20,43.90,0,0.00,878.00,Showroom,UPI,Completed
S10894,ORD5298,2025-01-10,C2046,P1007,21,50.91,15,160.37,908.74,Showroom,UPI,Completed
S10895,ORD5298,2025-01-10,C2046,P1062,22,121.84,0,0.00,2680.48,Showroom,UPI,Completed
S10896,ORD5299,2026-02-10,C2084,P1010,8,43.54,0,0.00,348.32,Phone Order,Cash,Completed
S10897,ORD5299,2026-02-10,C2084,P1050,33,315.82,0,0.00,10422.06,Phone Order,Cash,Completed
S10898,ORD5300,2025-12-21,C2098,P1049,30,84.28,0,0.00,2528.40,Showroom,Debit Card,Completed
S10899,ORD5300,2025-12-21,C2098,P1057,33,129.53,0,0.00,4274.49,Showroom,Cash,Completed
S10900,ORD5300,2025-12-21,C2098,P1019,4,264.47,0,0.00,1057.88,Showroom,Debit Card,Completed
S10901,ORD5300,2025-12-21,C2098,P1037,2,11451.05,0,0.00,22902.10,Showroom,Debit Card,Completed
S10902,ORD5301,2026-07-11,C2040,P1018,1,389.15,5,19.46,369.69,Site Visit / Contractor Order,UPI,Completed
S10903,ORD5302,2024-10-20,C2085,P1022,1,550.30,15,82.55,467.75,Site Visit / Contractor Order,UPI,Returned
S10904,ORD5302,2024-10-20,C2085,P1037,6,11451.05,15,10305.94,58400.36,Site Visit / Contractor Order,UPI,Returned
S10905,ORD5302,2024-10-20,C2085,P1052,38,180.78,5,343.48,6526.16,Site Visit / Contractor Order,UPI,Returned
S10906,ORD5302,2024-10-20,C2085,P1059,1,72.77,5,3.64,69.13,Site Visit / Contractor Order,UPI,Returned
S10907,ORD5302,2024-10-20,C2085,P1005,35,77.51,0,0.00,2712.85,Site Visit / Contractor Order,UPI,Returned
S10908,ORD5303,2024-01-31,C2082,P1039,1,17126.44,0,0.00,17126.44,Website,Bank Transfer,Pending
S10909,ORD5304,2024-04-14,C2056,P1010,8,43.54,0,0.00,348.32,Website,Cash,Completed
S10910,ORD5305,2024-10-13,C2093,P1029,3,5539.10,10,1661.73,14955.57,Site Visit / Contractor Order,Cash,Completed
S10911,ORD5305,2024-10-13,C2093,P1061,38,35.53,0,0.00,1350.14,Site Visit / Contractor Order,Cheque,Completed
S10912,ORD5305,2024-10-13,C2093,P1024,6,353.21,15,317.89,1801.37,Site Visit / Contractor Order,Cheque,Completed
S10913,ORD5306,2025-09-18,C2010,P1052,7,180.78,10,126.55,1138.91,Phone Order,Debit Card,Completed
S10914,ORD5306,2025-09-18,C2010,P1048,6,3312.78,10,1987.67,17889.01,Phone Order,Debit Card,Completed
S10915,ORD5306,2025-09-18,C2010,P1025,5,613.26,0,0.00,3066.30,Phone Order,Debit Card,Completed
S10916,ORD5306,2025-09-18,C2010,P1033,3,2158.06,0,0.00,6474.18,Phone Order,Debit Card,Completed
S10917,ORD5306,2025-09-18,C2010,P1007,32,50.91,0,0.00,1629.12,Phone Order,Debit Card,Completed
S10918,ORD5307,2024-02-27,C2081,P1014,5,950.32,0,0.00,4751.60,Site Visit / Contractor Order,Credit (30 days),Completed
S10919,ORD5307,2024-02-27,C2081,P1063,30,112.97,10,338.91,3050.19,Site Visit / Contractor Order,Credit (30 days),Completed
S10920,ORD5307,2024-02-27,C2081,P1002,34,122.29,0,0.00,4157.86,Site Visit / Contractor Order,Credit (30 days),Completed
S10921,ORD5307,2024-02-27,C2081,P1043,3,3079.11,0,0.00,9237.33,Site Visit / Contractor Order,Credit (30 days),Completed
S10922,ORD5307,2024-02-27,C2081,P1011,22,60.67,0,0.00,1334.74,Site Visit / Contractor Order,Credit (30 days),Completed
S10923,ORD5308,2025-06-10,C2006,P1012,23,51.71,15,178.40,1010.93,Website,Credit Card,Completed
S10924,ORD5308,2025-06-10,C2006,P1054,6,177.02,5,53.11,1009.01,Website,Credit Card,Completed
S10925,ORD5308,2025-06-10,C2006,P1029,6,5539.10,0,0.00,33234.60,Website,Credit Card,Completed
S10926,ORD5308,2025-06-10,C2006,P1016,1,1091.69,15,163.75,927.94,Website,Credit Card,Completed
S10927,ORD5309,2024-04-06,C2107,P1057,29,129.53,0,0.00,3756.37,Site Visit / Contractor Order,Cheque,Completed
S10928,ORD5309,2024-04-06,C2107,P1021,5,479.49,5,119.87,2277.58,Site Visit / Contractor Order,Cheque,Completed
S10929,ORD5310,2026-01-12,C2076,P1022,1,550.30,0,0.00,550.30,Showroom,Cheque,Completed
S10930,ORD5311,2025-04-01,C2005,P1012,26,51.71,15,201.67,1142.79,Showroom,Bank Transfer,Pending
S10931,ORD5312,2025-03-04,C2007,P1003,39,136.23,0,0.00,5312.97,Website,Credit Card,Completed
S10932,ORD5313,2024-08-19,C2111,P1034,2,2889.86,10,577.97,5201.75,Showroom,Cheque,Pending
S10933,ORD5313,2024-08-19,C2111,P1055,7,55.79,0,0.00,390.53,Showroom,Cheque,Pending
S10934,ORD5313,2024-08-19,C2111,P1027,3,9174.46,0,0.00,27523.38,Showroom,Cheque,Pending
S10935,ORD5313,2024-08-19,C2111,P1015,6,1318.46,5,395.54,7515.22,Showroom,Cheque,Pending
S10936,ORD5313,2024-08-19,C2111,P1054,26,177.02,0,0.00,4602.52,Showroom,Cheque,Pending
S10937,ORD5314,2026-07-31,C2030,P1021,6,479.49,0,0.00,2876.94,Phone Order,Credit (30 days),Returned
S10938,ORD5314,2026-07-31,C2030,P1031,2,5662.37,0,0.00,11324.74,Phone Order,Credit (30 days),Returned
S10939,ORD5315,2024-09-29,C2005,P1019,2,264.47,0,0.00,528.94,Phone Order,Cheque,Returned
S10940,ORD5315,2024-09-29,C2005,P1023,2,274.90,0,0.00,549.80,Phone Order,Cheque,Returned
S10941,ORD5315,2024-09-29,C2005,P1051,35,188.54,0,0.00,6598.90,Phone Order,Cheque,Returned
S10942,ORD5315,2024-09-29,C2005,P1046,4,3804.20,0,0.00,15216.80,Phone Order,Cheque,Returned
S10943,ORD5315,2024-09-29,C2005,P1006,30,147.09,5,220.63,4192.07,Phone Order,Cheque,Returned
S10944,ORD5316,2025-07-25,C2041,P1054,13,177.02,0,0.00,2301.26,Phone Order,Bank Transfer,Pending
S10945,ORD5317,2024-09-14,C2098,P1036,4,4892.01,0,0.00,19568.04,Site Visit / Contractor Order,UPI,Returned
S10946,ORD5317,2024-09-14,C2098,P1052,4,180.78,0,0.00,723.12,Site Visit / Contractor Order,UPI,Returned
S10947,ORD5317,2024-09-14,C2098,P1063,22,112.97,0,0.00,2485.34,Site Visit / Contractor Order,UPI,Returned
S10948,ORD5317,2024-09-14,C2098,P1047,3,2185.83,0,0.00,6557.49,Site Visit / Contractor Order,UPI,Returned
S10949,ORD5318,2024-05-25,C2030,P1043,3,3079.11,0,0.00,9237.33,Phone Order,Cash,Returned
S10950,ORD5318,2024-05-25,C2030,P1039,5,17126.44,0,0.00,85632.20,Phone Order,Cash,Returned
S10951,ORD5318,2024-05-25,C2030,P1029,4,5539.10,0,0.00,22156.40,Phone Order,Cash,Returned
S10952,ORD5318,2024-05-25,C2030,P1025,1,613.26,0,0.00,613.26,Phone Order,Cash,Returned
S10953,ORD5319,2025-07-22,C2106,P1046,6,3804.20,10,2282.52,20542.68,Site Visit / Contractor Order,Cash,Cancelled
S10954,ORD5319,2025-07-22,C2106,P1014,1,950.32,0,0.00,950.32,Site Visit / Contractor Order,Cash,Cancelled
S10955,ORD5320,2026-04-16,C2023,P1032,3,8120.08,10,2436.02,21924.22,Phone Order,Cheque,Returned
S10956,ORD5320,2026-04-16,C2023,P1003,1,136.23,0,0.00,136.23,Phone Order,Cheque,Returned
S10957,ORD5320,2026-04-16,C2023,P1027,4,9174.46,0,0.00,36697.84,Phone Order,Cheque,Returned
S10958,ORD5321,2025-01-22,C2120,P1002,22,122.29,0,0.00,2690.38,Site Visit / Contractor Order,Bank Transfer,Cancelled
S10959,ORD5321,2025-01-22,C2120,P1043,6,3079.11,0,0.00,18474.66,Site Visit / Contractor Order,Bank Transfer,Cancelled
S10960,ORD5321,2025-01-22,C2120,P1014,4,950.32,15,570.19,3231.09,Site Visit / Contractor Order,Bank Transfer,Cancelled
S10961,ORD5321,2025-01-22,C2120,P1004,30,157.89,0,0.00,4736.70,Site Visit / Contractor Order,Bank Transfer,Cancelled
S10962,ORD5321,2025-01-22,C2120,P1041,3,3937.79,15,1772.01,10041.36,Site Visit / Contractor Order,Bank Transfer,Cancelled
S10963,ORD5322,2026-06-06,C2044,P1057,35,129.53,5,226.68,4306.87,Showroom,UPI,Completed
S10964,ORD5323,2026-08-20,C2047,P1001,25,133.12,0,0.00,3328.00,Website,Debit Card,Cancelled
S10965,ORD5323,2026-08-20,C2047,P1026,3,7306.62,15,3287.98,18631.88,Website,Debit Card,Cancelled
S10966,ORD5323,2026-08-20,C2047,P1042,2,16071.09,5,1607.11,30535.07,Website,Debit Card,Cancelled
S10967,ORD5323,2026-08-20,C2047,P1015,4,1318.46,0,0.00,5273.84,Website,Debit Card,Cancelled
S10968,ORD5324,2026-08-31,C2085,P1058,22,123.88,10,272.54,2452.82,Website,Cash,Completed
S10969,ORD5324,2026-08-31,C2085,P1056,8,107.71,0,0.00,861.68,Website,Cash,Completed
S10970,ORD5324,2026-08-31,C2085,P1014,4,950.32,0,0.00,3801.28,Website,Cash,Completed
S10971,ORD5324,2026-08-31,C2085,P1052,14,180.78,5,126.55,2404.37,Website,Cash,Completed
S10972,ORD5325,2025-08-18,C2120,P1055,9,55.79,0,0.00,502.11,Site Visit / Contractor Order,Credit (30 days),Returned
S10973,ORD5325,2025-08-18,C2120,P1022,1,550.30,15,82.55,467.75,Site Visit / Contractor Order,Credit (30 days),Returned
S10974,ORD5325,2025-08-18,C2120,P1019,3,264.47,5,39.67,753.74,Site Visit / Contractor Order,Credit (30 days),Returned
S10975,ORD5325,2025-08-18,C2120,P1021,2,479.49,0,0.00,958.98,Site Visit / Contractor Order,Credit (30 days),Returned
S10976,ORD5326,2026-06-06,C2119,P1045,6,2349.19,0,0.00,14095.14,Phone Order,Credit (30 days),Completed
S10977,ORD5326,2026-06-06,C2119,P1035,4,9670.80,0,0.00,38683.20,Phone Order,Credit (30 days),Completed
S10978,ORD5327,2024-07-06,C2109,P1060,26,129.76,10,337.38,3036.38,Site Visit / Contractor Order,UPI,Completed
S10979,ORD5328,2025-04-14,C2084,P1058,2,123.88,15,37.16,210.60,Phone Order,Cash,Completed
S10980,ORD5328,2025-04-14,C2084,P1034,4,2889.86,0,0.00,11559.44,Phone Order,Cash,Completed
S10981,ORD5328,2025-04-14,C2084,P1002,7,122.29,10,85.60,770.43,Phone Order,Cash,Completed
S10982,ORD5328,2025-04-14,C2084,P1005,33,77.51,0,0.00,2557.83,Phone Order,Cash,Completed
S10983,ORD5329,2026-07-03,C2015,P1005,36,77.51,0,0.00,2790.36,Site Visit / Contractor Order,Cheque,Cancelled
S10984,ORD5329,2026-07-03,C2015,P1056,39,107.71,0,0.00,4200.69,Site Visit / Contractor Order,Cheque,Cancelled
S10985,ORD5330,2025-07-02,C2053,P1063,7,112.97,0,0.00,790.79,Website,UPI,Pending
S10986,ORD5330,2025-07-02,C2053,P1004,17,157.89,0,0.00,2684.13,Website,UPI,Pending
S10987,ORD5330,2025-07-02,C2053,P1015,1,1318.46,0,0.00,1318.46,Website,UPI,Pending
S10988,ORD5331,2026-02-27,C2063,P1034,3,2889.86,10,866.96,7802.62,Phone Order,Credit (30 days),Pending
S10989,ORD5331,2026-02-27,C2063,P1061,19,35.53,0,0.00,675.07,Phone Order,Credit (30 days),Pending
S10990,ORD5331,2026-02-27,C2063,P1022,2,550.30,0,0.00,1100.60,Phone Order,Credit (30 days),Pending
S10991,ORD5331,2026-02-27,C2063,P1054,11,177.02,0,0.00,1947.22,Phone Order,Credit (30 days),Pending
S10992,ORD5332,2024-01-31,C2027,P1058,29,123.88,0,0.00,3592.52,Phone Order,Debit Card,Cancelled
S10993,ORD5332,2024-01-31,C2027,P1027,1,9174.46,0,0.00,9174.46,Phone Order,Debit Card,Cancelled
S10994,ORD5333,2024-06-17,C2106,P1053,11,214.82,15,354.45,2008.57,Site Visit / Contractor Order,Credit Card,Completed
S10995,ORD5334,2025-01-18,C2043,P1018,4,389.15,0,0.00,1556.60,Phone Order,UPI,Returned
S10996,ORD5334,2025-01-18,C2043,P1031,1,5662.37,0,0.00,5662.37,Phone Order,UPI,Returned
S10997,ORD5334,2025-01-18,C2043,P1048,2,3312.78,0,0.00,6625.56,Phone Order,UPI,Returned
S10998,ORD5335,2024-12-06,C2083,P1061,38,35.53,0,0.00,1350.14,Website,Cash,Cancelled
S10999,ORD5336,2024-02-21,C2078,P1050,13,315.82,0,0.00,4105.66,Site Visit / Contractor Order,Credit (30 days),Completed
S11000,ORD5336,2024-02-21,C2078,P1058,26,123.88,0,0.00,3220.88,Site Visit / Contractor Order,Credit (30 days),Completed
S11001,ORD5336,2024-02-21,C2078,P1025,5,613.26,0,0.00,3066.30,Site Visit / Contractor Order,Credit (30 days),Completed
S11002,ORD5336,2024-02-21,C2078,P1026,1,7306.62,0,0.00,7306.62,Site Visit / Contractor Order,Cash,Completed
S11003,ORD5337,2024-11-07,C2022,P1021,5,479.49,5,119.87,2277.58,Showroom,Debit Card,Completed
S11004,ORD5338,2024-08-18,C2046,P1021,6,479.49,0,0.00,2876.94,Site Visit / Contractor Order,UPI,Completed
S11005,ORD5338,2024-08-18,C2046,P1017,2,736.61,0,0.00,1473.22,Site Visit / Contractor Order,UPI,Completed
S11006,ORD5339,2025-08-26,C2025,P1054,26,177.02,0,0.00,4602.52,Site Visit / Contractor Order,Credit Card,Returned
S11007,ORD5339,2025-08-26,C2025,P1043,5,3079.11,10,1539.56,13855.99,Site Visit / Contractor Order,Cash,Returned
S11008,ORD5339,2025-08-26,C2025,P1038,5,17932.15,5,4483.04,85177.71,Site Visit / Contractor Order,Credit Card,Returned
S11009,ORD5339,2025-08-26,C2025,P1019,3,264.47,0,0.00,793.41,Site Visit / Contractor Order,Credit Card,Returned
S11010,ORD5340,2024-05-31,C2058,P1044,2,718.54,5,71.85,1365.23,Website,Cheque,Cancelled
S11011,ORD5340,2024-05-31,C2058,P1060,32,129.76,10,415.23,3737.09,Website,Cheque,Cancelled
S11012,ORD5340,2024-05-31,C2058,P1037,3,11451.05,15,5152.97,29200.18,Website,Cheque,Cancelled
S11013,ORD5340,2024-05-31,C2058,P1030,1,4994.96,5,249.75,4745.21,Website,Cheque,Cancelled
S11014,ORD5341,2026-07-01,C2088,P1060,24,129.76,0,0.00,3114.24,Website,Cash,Cancelled
S11015,ORD5341,2026-07-01,C2088,P1042,4,16071.09,0,0.00,64284.36,Website,UPI,Cancelled
S11016,ORD5341,2026-07-01,C2088,P1051,36,188.54,0,0.00,6787.44,Website,UPI,Cancelled
S11017,ORD5342,2025-06-01,C2028,P1014,6,950.32,10,570.19,5131.73,Website,Cash,Completed
S11018,ORD5342,2025-06-01,C2028,P1057,7,129.53,15,136.01,770.70,Website,Cash,Completed
S11019,ORD5343,2026-07-04,C2033,P1010,32,43.54,0,0.00,1393.28,Phone Order,Credit (30 days),Completed
S11020,ORD5343,2026-07-04,C2033,P1034,2,2889.86,0,0.00,5779.72,Phone Order,Credit (30 days),Completed
S11021,ORD5343,2026-07-04,C2033,P1063,4,112.97,0,0.00,451.88,Phone Order,Credit (30 days),Completed
S11022,ORD5343,2026-07-04,C2033,P1062,30,121.84,5,182.76,3472.44,Phone Order,Credit (30 days),Completed
S11023,ORD5343,2026-07-04,C2033,P1059,24,72.77,0,0.00,1746.48,Phone Order,Credit (30 days),Completed
S11024,ORD5344,2026-04-09,C2008,P1051,35,188.54,0,0.00,6598.90,Website,Debit Card,Completed
S11025,ORD5344,2026-04-09,C2008,P1037,3,11451.05,0,0.00,34353.15,Website,Debit Card,Completed
S11026,ORD5344,2026-04-09,C2008,P1011,28,60.67,0,0.00,1698.76,Website,Debit Card,Completed
S11027,ORD5345,2025-05-22,C2100,P1016,5,1091.69,5,272.92,5185.53,Showroom,UPI,Returned
S11028,ORD5345,2025-05-22,C2100,P1026,6,7306.62,0,0.00,43839.72,Showroom,UPI,Returned
S11029,ORD5346,2025-10-29,C2008,P1060,31,129.76,10,402.26,3620.30,Site Visit / Contractor Order,Cash,Completed
S11030,ORD5346,2025-10-29,C2008,P1029,4,5539.10,5,1107.82,21048.58,Site Visit / Contractor Order,Cash,Completed
S11031,ORD5346,2025-10-29,C2008,P1018,2,389.15,10,77.83,700.47,Site Visit / Contractor Order,Cash,Completed
S11032,ORD5347,2025-12-30,C2080,P1034,4,2889.86,10,1155.94,10403.50,Showroom,Debit Card,Cancelled
S11033,ORD5347,2025-12-30,C2080,P1063,21,112.97,0,0.00,2372.37,Showroom,Debit Card,Cancelled
S11034,ORD5347,2025-12-30,C2080,P1013,5,431.88,10,215.94,1943.46,Showroom,Debit Card,Cancelled
S11035,ORD5347,2025-12-30,C2080,P1006,10,147.09,0,0.00,1470.90,Showroom,Debit Card,Cancelled
S11036,ORD5348,2024-10-29,C2064,P1042,1,16071.09,0,0.00,16071.09,Phone Order,Cash,Completed
S11037,ORD5348,2024-10-29,C2064,P1058,10,123.88,0,0.00,1238.80,Phone Order,Cash,Completed
S11038,ORD5349,2024-12-18,C2001,P1013,6,431.88,0,0.00,2591.28,Website,Cash,Completed
S11039,ORD5349,2024-12-18,C2001,P1019,2,264.47,0,0.00,528.94,Website,Cash,Completed
S11040,ORD5349,2024-12-18,C2001,P1058,1,123.88,15,18.58,105.30,Website,Cash,Completed
S11041,ORD5349,2024-12-18,C2001,P1052,34,180.78,0,0.00,6146.52,Website,Cash,Completed
S11042,ORD5350,2026-04-25,C2087,P1027,4,9174.46,0,0.00,36697.84,Showroom,Debit Card,Pending
S11043,ORD5350,2026-04-25,C2087,P1018,5,389.15,0,0.00,1945.75,Showroom,Debit Card,Pending
S11044,ORD5350,2026-04-25,C2087,P1023,2,274.90,5,27.49,522.31,Showroom,Debit Card,Pending
S11045,ORD5350,2026-04-25,C2087,P1047,6,2185.83,5,655.75,12459.23,Showroom,Debit Card,Pending
S11046,ORD5350,2026-04-25,C2087,P1063,28,112.97,0,0.00,3163.16,Showroom,Debit Card,Pending
S11047,ORD5351,2024-08-05,C2032,P1025,5,613.26,0,0.00,3066.30,Phone Order,Cash,Completed
S11048,ORD5351,2024-08-05,C2032,P1008,6,43.90,0,0.00,263.40,Phone Order,Cash,Completed
S11049,ORD5352,2025-01-27,C2063,P1061,38,35.53,0,0.00,1350.14,Phone Order,Credit (30 days),Cancelled
S11050,ORD5352,2025-01-27,C2063,P1007,31,50.91,15,236.73,1341.48,Phone Order,Credit (30 days),Cancelled
S11051,ORD5352,2025-01-27,C2063,P1052,7,180.78,10,126.55,1138.91,Phone Order,Credit (30 days),Cancelled
S11052,ORD5352,2025-01-27,C2063,P1004,6,157.89,0,0.00,947.34,Phone Order,Credit (30 days),Cancelled
S11053,ORD5353,2024-03-09,C2045,P1037,1,11451.05,10,1145.11,10305.94,Website,Credit (30 days),Completed
S11054,ORD5353,2024-03-09,C2045,P1045,4,2349.19,0,0.00,9396.76,Website,Credit (30 days),Completed
S11055,ORD5353,2024-03-09,C2045,P1007,20,50.91,10,101.82,916.38,Website,Credit (30 days),Completed
S11056,ORD5353,2024-03-09,C2045,P1051,40,188.54,10,754.16,6787.44,Website,Credit (30 days),Completed
S11057,ORD5354,2025-03-31,C2049,P1047,1,2185.83,0,0.00,2185.83,Site Visit / Contractor Order,Cash,Completed
S11058,ORD5355,2024-05-08,C2085,P1016,5,1091.69,10,545.85,4912.60,Showroom,Credit (30 days),Completed
S11059,ORD5355,2024-05-08,C2085,P1013,2,431.88,0,0.00,863.76,Showroom,Credit (30 days),Completed
S11060,ORD5355,2024-05-08,C2085,P1032,1,8120.08,5,406.00,7714.08,Showroom,Credit (30 days),Completed
S11061,ORD5355,2024-05-08,C2085,P1014,3,950.32,15,427.64,2423.32,Showroom,Credit (30 days),Completed
S11062,ORD5356,2025-07-19,C2032,P1012,29,51.71,5,74.98,1424.61,Website,Cheque,Completed
S11063,ORD5357,2025-05-27,C2065,P1029,6,5539.10,15,4985.19,28249.41,Phone Order,Credit (30 days),Completed
S11064,ORD5357,2025-05-27,C2065,P1024,4,353.21,0,0.00,1412.84,Phone Order,Credit (30 days),Completed
S11065,ORD5357,2025-05-27,C2065,P1033,3,2158.06,0,0.00,6474.18,Phone Order,Credit (30 days),Completed
S11066,ORD5358,2024-01-27,C2028,P1061,9,35.53,15,47.97,271.80,Showroom,UPI,Completed
S11067,ORD5358,2024-01-27,C2028,P1021,4,479.49,0,0.00,1917.96,Showroom,UPI,Completed
S11068,ORD5358,2024-01-27,C2028,P1048,1,3312.78,0,0.00,3312.78,Showroom,UPI,Completed
S11069,ORD5358,2024-01-27,C2028,P1029,2,5539.10,10,1107.82,9970.38,Showroom,UPI,Completed
S11070,ORD5359,2026-06-22,C2008,P1004,4,157.89,0,0.00,631.56,Phone Order,Cash,Completed
S11071,ORD5359,2026-06-22,C2008,P1051,27,188.54,0,0.00,5090.58,Phone Order,Cash,Completed
S11072,ORD5359,2026-06-22,C2008,P1063,37,112.97,0,0.00,4179.89,Phone Order,Cash,Completed
S11073,ORD5359,2026-06-22,C2008,P1059,40,72.77,0,0.00,2910.80,Phone Order,Cash,Completed
S11074,ORD5360,2026-06-19,C2060,P1043,4,3079.11,5,615.82,11700.62,Website,Bank Transfer,Pending
S11075,ORD5360,2026-06-19,C2060,P1036,6,4892.01,0,0.00,29352.06,Website,Bank Transfer,Pending
S11076,ORD5360,2026-06-19,C2060,P1063,20,112.97,0,0.00,2259.40,Website,Bank Transfer,Pending
S11077,ORD5361,2024-09-23,C2032,P1027,5,9174.46,0,0.00,45872.30,Site Visit / Contractor Order,Debit Card,Returned
S11078,ORD5362,2024-06-25,C2077,P1011,19,60.67,10,115.27,1037.46,Site Visit / Contractor Order,Credit (30 days),Cancelled
S11079,ORD5363,2024-12-10,C2094,P1012,19,51.71,0,0.00,982.49,Site Visit / Contractor Order,Cash,Cancelled
S11080,ORD5363,2024-12-10,C2094,P1059,10,72.77,0,0.00,727.70,Site Visit / Contractor Order,Cash,Cancelled
S11081,ORD5364,2025-01-15,C2100,P1017,6,736.61,10,441.97,3977.69,Website,Credit Card,Completed
S11082,ORD5364,2025-01-15,C2100,P1058,20,123.88,0,0.00,2477.60,Website,Credit Card,Completed
S11083,ORD5365,2024-02-06,C2087,P1032,2,8120.08,5,812.01,15428.15,Phone Order,Debit Card,Completed
S11084,ORD5365,2024-02-06,C2087,P1024,2,353.21,0,0.00,706.42,Phone Order,Debit Card,Completed
S11085,ORD5366,2024-12-24,C2067,P1048,2,3312.78,5,331.28,6294.28,Showroom,UPI,Pending
S11086,ORD5367,2024-11-04,C2008,P1042,3,16071.09,0,0.00,48213.27,Phone Order,Credit Card,Completed
S11087,ORD5368,2024-06-11,C2090,P1036,5,4892.01,0,0.00,24460.05,Website,Cash,Completed
S11088,ORD5368,2024-06-11,C2090,P1001,11,133.12,0,0.00,1464.32,Website,Cash,Completed
S11089,ORD5368,2024-06-11,C2090,P1034,5,2889.86,15,2167.39,12281.91,Website,Cash,Completed
S11090,ORD5368,2024-06-11,C2090,P1005,16,77.51,15,186.02,1054.14,Website,Cash,Completed
S11091,ORD5368,2024-06-11,C2090,P1025,5,613.26,0,0.00,3066.30,Website,Cash,Completed
S11092,ORD5369,2026-09-04,C2104,P1018,3,389.15,0,0.00,1167.45,Website,UPI,Completed
S11093,ORD5370,2024-12-18,C2018,P1052,11,180.78,10,198.86,1789.72,Website,Credit (30 days),Returned
S11094,ORD5370,2024-12-18,C2018,P1009,32,43.74,0,0.00,1399.68,Website,Credit (30 days),Returned
S11095,ORD5370,2024-12-18,C2018,P1011,1,60.67,10,6.07,54.60,Website,Credit (30 days),Returned
S11096,ORD5370,2024-12-18,C2018,P1043,2,3079.11,0,0.00,6158.22,Website,Credit (30 days),Returned
S11097,ORD5370,2024-12-18,C2018,P1039,6,17126.44,0,0.00,102758.64,Website,Credit (30 days),Returned
S11098,ORD5371,2024-04-06,C2100,P1006,31,147.09,0,0.00,4559.79,Showroom,UPI,Cancelled
S11099,ORD5371,2024-04-06,C2100,P1020,6,257.12,5,77.14,1465.58,Showroom,UPI,Cancelled
S11100,ORD5371,2024-04-06,C2100,P1056,18,107.71,0,0.00,1938.78,Showroom,UPI,Cancelled
S11101,ORD5371,2024-04-06,C2100,P1040,3,10577.02,0,0.00,31731.06,Showroom,UPI,Cancelled
S11102,ORD5371,2024-04-06,C2100,P1009,20,43.74,5,43.74,831.06,Showroom,UPI,Cancelled
S11103,ORD5372,2024-02-28,C2049,P1027,6,9174.46,0,0.00,55046.76,Site Visit / Contractor Order,Cash,Cancelled
S11104,ORD5372,2024-02-28,C2049,P1035,4,9670.80,0,0.00,38683.20,Site Visit / Contractor Order,Debit Card,Cancelled
S11105,ORD5372,2024-02-28,C2049,P1022,6,550.30,0,0.00,3301.80,Site Visit / Contractor Order,Debit Card,Cancelled
S11106,ORD5373,2026-07-15,C2039,P1006,24,147.09,0,0.00,3530.16,Site Visit / Contractor Order,Cheque,Completed
S11107,ORD5374,2026-07-14,C2120,P1003,23,136.23,0,0.00,3133.29,Site Visit / Contractor Order,Cash,Completed
S11108,ORD5374,2026-07-14,C2120,P1063,33,112.97,10,372.80,3355.21,Site Visit / Contractor Order,Cash,Completed
S11109,ORD5374,2026-07-14,C2120,P1009,37,43.74,0,0.00,1618.38,Site Visit / Contractor Order,Cash,Completed
S11110,ORD5374,2026-07-14,C2120,P1018,6,389.15,0,0.00,2334.90,Site Visit / Contractor Order,Cash,Completed
S11111,ORD5375,2026-02-11,C2106,P1047,5,2185.83,5,546.46,10382.69,Website,UPI,Cancelled
S11112,ORD5375,2026-02-11,C2106,P1019,3,264.47,0,0.00,793.41,Website,UPI,Cancelled
S11113,ORD5375,2026-02-11,C2106,P1016,4,1091.69,0,0.00,4366.76,Website,UPI,Cancelled
S11114,ORD5375,2026-02-11,C2106,P1032,4,8120.08,0,0.00,32480.32,Website,UPI,Cancelled
S11115,ORD5376,2025-04-14,C2090,P1038,6,17932.15,0,0.00,107592.90,Site Visit / Contractor Order,Bank Transfer,Completed
S11116,ORD5377,2025-10-02,C2120,P1055,4,55.79,0,0.00,223.16,Phone Order,Bank Transfer,Completed
S11117,ORD5377,2025-10-02,C2120,P1026,1,7306.62,5,365.33,6941.29,Phone Order,Bank Transfer,Completed
S11118,ORD5377,2025-10-02,C2120,P1013,6,431.88,0,0.00,2591.28,Phone Order,Bank Transfer,Completed
S11119,ORD5377,2025-10-02,C2120,P1002,28,122.29,0,0.00,3424.12,Phone Order,Bank Transfer,Completed
S11120,ORD5377,2025-10-02,C2120,P1060,15,129.76,15,291.96,1654.44,Phone Order,Bank Transfer,Completed
S11121,ORD5378,2026-01-20,C2039,P1059,24,72.77,0,0.00,1746.48,Website,Cash,Completed
S11122,ORD5378,2026-01-20,C2039,P1057,36,129.53,0,0.00,4663.08,Website,Cash,Completed
S11123,ORD5379,2024-05-22,C2118,P1060,12,129.76,10,155.71,1401.41,Site Visit / Contractor Order,Bank Transfer,Completed
S11124,ORD5379,2024-05-22,C2118,P1056,39,107.71,5,210.03,3990.66,Site Visit / Contractor Order,Bank Transfer,Completed
S11125,ORD5380,2025-04-06,C2078,P1056,30,107.71,15,484.69,2746.61,Phone Order,Cash,Completed
S11126,ORD5381,2025-01-17,C2008,P1036,2,4892.01,0,0.00,9784.02,Showroom,Cheque,Completed
S11127,ORD5381,2025-01-17,C2008,P1025,3,613.26,0,0.00,1839.78,Showroom,Cheque,Completed
S11128,ORD5381,2025-01-17,C2008,P1063,33,112.97,10,372.80,3355.21,Showroom,Cheque,Completed
S11129,ORD5381,2025-01-17,C2008,P1034,3,2889.86,0,0.00,8669.58,Showroom,Cheque,Completed
S11130,ORD5382,2024-01-05,C2098,P1036,3,4892.01,0,0.00,14676.03,Showroom,Debit Card,Completed
S11131,ORD5382,2024-01-05,C2098,P1042,5,16071.09,0,0.00,80355.45,Showroom,Debit Card,Completed
S11132,ORD5382,2024-01-05,C2098,P1017,5,736.61,0,0.00,3683.05,Showroom,Debit Card,Completed
S11133,ORD5383,2024-01-17,C2004,P1047,3,2185.83,15,983.62,5573.87,Site Visit / Contractor Order,Debit Card,Cancelled
S11134,ORD5383,2024-01-17,C2004,P1029,1,5539.10,0,0.00,5539.10,Site Visit / Contractor Order,Debit Card,Cancelled
S11135,ORD5383,2024-01-17,C2004,P1010,33,43.54,0,0.00,1436.82,Site Visit / Contractor Order,Debit Card,Cancelled
S11136,ORD5384,2024-10-03,C2042,P1013,5,431.88,0,0.00,2159.40,Phone Order,Credit Card,Completed
S11137,ORD5384,2024-10-03,C2042,P1005,33,77.51,15,383.67,2174.16,Phone Order,Credit Card,Completed
S11138,ORD5384,2024-10-03,C2042,P1026,6,7306.62,0,0.00,43839.72,Phone Order,Credit Card,Completed
S11139,ORD5385,2024-11-26,C2072,P1060,20,129.76,0,0.00,2595.20,Showroom,Debit Card,Completed
S11140,ORD5385,2024-11-26,C2072,P1063,24,112.97,10,271.13,2440.15,Showroom,Cash,Completed
S11141,ORD5385,2024-11-26,C2072,P1038,1,17932.15,0,0.00,17932.15,Showroom,Debit Card,Completed
S11142,ORD5386,2025-10-03,C2048,P1049,19,84.28,5,80.07,1521.25,Phone Order,Cash,Completed
S11143,ORD5387,2024-10-26,C2043,P1029,4,5539.10,0,0.00,22156.40,Phone Order,Debit Card,Completed
S11144,ORD5387,2024-10-26,C2043,P1037,3,11451.05,15,5152.97,29200.18,Phone Order,Debit Card,Completed
S11145,ORD5387,2024-10-26,C2043,P1050,1,315.82,5,15.79,300.03,Phone Order,Debit Card,Completed
S11146,ORD5387,2024-10-26,C2043,P1049,26,84.28,15,328.69,1862.59,Phone Order,Debit Card,Completed
S11147,ORD5388,2025-06-24,C2030,P1036,2,4892.01,0,0.00,9784.02,Site Visit / Contractor Order,Credit Card,Returned
S11148,ORD5388,2025-06-24,C2030,P1059,26,72.77,0,0.00,1892.02,Site Visit / Contractor Order,Credit Card,Returned
S11149,ORD5388,2025-06-24,C2030,P1030,6,4994.96,15,4495.46,25474.30,Site Visit / Contractor Order,Credit Card,Returned
S11150,ORD5388,2025-06-24,C2030,P1012,15,51.71,0,0.00,775.65,Site Visit / Contractor Order,Credit Card,Returned
S11151,ORD5389,2025-04-12,C2117,P1049,14,84.28,0,0.00,1179.92,Showroom,Debit Card,Completed
S11152,ORD5389,2025-04-12,C2117,P1052,35,180.78,0,0.00,6327.30,Showroom,Debit Card,Completed
S11153,ORD5389,2025-04-12,C2117,P1036,4,4892.01,0,0.00,19568.04,Showroom,Debit Card,Completed
S11154,ORD5389,2025-04-12,C2117,P1006,38,147.09,0,0.00,5589.42,Showroom,Debit Card,Completed
S11155,ORD5389,2025-04-12,C2117,P1026,6,7306.62,10,4383.97,39455.75,Showroom,Debit Card,Completed
S11156,ORD5390,2025-08-22,C2107,P1009,25,43.74,0,0.00,1093.50,Site Visit / Contractor Order,Debit Card,Cancelled
S11157,ORD5391,2025-05-21,C2041,P1002,11,122.29,0,0.00,1345.19,Website,Cheque,Returned
S11158,ORD5391,2025-05-21,C2041,P1022,3,550.30,0,0.00,1650.90,Website,Cheque,Returned
S11159,ORD5392,2025-02-03,C2092,P1044,4,718.54,0,0.00,2874.16,Phone Order,Cash,Cancelled
S11160,ORD5392,2025-02-03,C2092,P1031,3,5662.37,0,0.00,16987.11,Phone Order,Credit Card,Cancelled
S11161,ORD5393,2024-04-25,C2054,P1061,37,35.53,10,131.46,1183.15,Phone Order,Cash,Completed
S11162,ORD5394,2025-10-22,C2109,P1002,31,122.29,5,189.55,3601.44,Site Visit / Contractor Order,UPI,Completed
S11163,ORD5395,2025-09-19,C2112,P1019,5,264.47,5,66.12,1256.23,Phone Order,Cash,Completed
S11164,ORD5395,2025-09-19,C2112,P1036,3,4892.01,0,0.00,14676.03,Phone Order,Cash,Completed
S11165,ORD5395,2025-09-19,C2112,P1004,30,157.89,0,0.00,4736.70,Phone Order,Cash,Completed
S11166,ORD5395,2025-09-19,C2112,P1056,9,107.71,15,145.41,823.98,Phone Order,Cash,Completed
S11167,ORD5395,2025-09-19,C2112,P1032,1,8120.08,0,0.00,8120.08,Phone Order,Cash,Completed
S11168,ORD5396,2024-03-21,C2077,P1052,21,180.78,5,189.82,3606.56,Website,Cash,Completed
S11169,ORD5396,2024-03-21,C2077,P1054,13,177.02,10,230.13,2071.13,Website,Cash,Completed
S11170,ORD5397,2025-04-03,C2047,P1042,6,16071.09,0,0.00,96426.54,Website,Debit Card,Completed
S11171,ORD5397,2025-04-03,C2047,P1062,12,121.84,5,73.10,1388.98,Website,Debit Card,Completed
S11172,ORD5397,2025-04-03,C2047,P1030,3,4994.96,10,1498.49,13486.39,Website,Debit Card,Completed
S11173,ORD5397,2025-04-03,C2047,P1011,18,60.67,5,54.60,1037.46,Website,Debit Card,Completed
S11174,ORD5398,2024-07-06,C2040,P1037,5,11451.05,15,8588.29,48666.96,Site Visit / Contractor Order,Credit Card,Completed
S11175,ORD5398,2024-07-06,C2040,P1034,3,2889.86,0,0.00,8669.58,Site Visit / Contractor Order,Credit Card,Completed
S11176,ORD5398,2024-07-06,C2040,P1050,14,315.82,10,442.15,3979.33,Site Visit / Contractor Order,Credit Card,Completed
S11177,ORD5398,2024-07-06,C2040,P1002,21,122.29,10,256.81,2311.28,Site Visit / Contractor Order,Credit Card,Completed
S11178,ORD5399,2024-02-15,C2028,P1057,18,129.53,10,233.15,2098.39,Showroom,Cheque,Returned
S11179,ORD5399,2024-02-15,C2028,P1033,3,2158.06,0,0.00,6474.18,Showroom,Cheque,Returned
S11180,ORD5399,2024-02-15,C2028,P1059,12,72.77,5,43.66,829.58,Showroom,Cheque,Returned
S11181,ORD5399,2024-02-15,C2028,P1042,1,16071.09,0,0.00,16071.09,Showroom,Cheque,Returned
S11182,ORD5399,2024-02-15,C2028,P1002,17,122.29,10,207.89,1871.04,Showroom,Cheque,Returned
S11183,ORD5400,2025-11-24,C2093,P1056,3,107.71,0,0.00,323.13,Site Visit / Contractor Order,Debit Card,Pending
S11184,ORD5401,2024-01-06,C2115,P1040,5,10577.02,15,7932.77,44952.33,Site Visit / Contractor Order,Cheque,Cancelled
S11185,ORD5402,2026-04-22,C2059,P1043,3,3079.11,0,0.00,9237.33,Showroom,Credit (30 days),Returned
S11186,ORD5403,2025-09-08,C2008,P1003,25,136.23,0,0.00,3405.75,Website,Cash,Completed
S11187,ORD5403,2025-09-08,C2008,P1039,6,17126.44,0,0.00,102758.64,Website,Bank Transfer,Completed
S11188,ORD5403,2025-09-08,C2008,P1058,10,123.88,5,61.94,1176.86,Website,Bank Transfer,Completed
S11189,ORD5404,2025-10-13,C2052,P1060,22,129.76,15,428.21,2426.51,Site Visit / Contractor Order,Cash,Cancelled
S11190,ORD5404,2025-10-13,C2052,P1038,2,17932.15,0,0.00,35864.30,Site Visit / Contractor Order,Cash,Cancelled
S11191,ORD5405,2025-03-11,C2044,P1021,1,479.49,5,23.97,455.52,Website,Bank Transfer,Completed
S11192,ORD5405,2025-03-11,C2044,P1019,4,264.47,0,0.00,1057.88,Website,Bank Transfer,Completed
S11193,ORD5405,2025-03-11,C2044,P1005,24,77.51,0,0.00,1860.24,Website,Bank Transfer,Completed
S11194,ORD5406,2026-06-25,C2060,P1002,4,122.29,15,73.37,415.79,Website,Credit Card,Completed
S11195,ORD5406,2026-06-25,C2060,P1012,37,51.71,0,0.00,1913.27,Website,Credit Card,Completed
S11196,ORD5406,2026-06-25,C2060,P1042,6,16071.09,0,0.00,96426.54,Website,Credit Card,Completed
S11197,ORD5406,2026-06-25,C2060,P1058,39,123.88,0,0.00,4831.32,Website,Cash,Completed
S11198,ORD5406,2026-06-25,C2060,P1015,6,1318.46,5,395.54,7515.22,Website,Credit Card,Completed
S11199,ORD5407,2024-11-20,C2081,P1045,5,2349.19,15,1761.89,9984.06,Site Visit / Contractor Order,UPI,Completed
S11200,ORD5407,2024-11-20,C2081,P1002,15,122.29,0,0.00,1834.35,Site Visit / Contractor Order,UPI,Completed
S11201,ORD5407,2024-11-20,C2081,P1037,2,11451.05,0,0.00,22902.10,Site Visit / Contractor Order,UPI,Completed
S11202,ORD5407,2024-11-20,C2081,P1026,2,7306.62,0,0.00,14613.24,Site Visit / Contractor Order,UPI,Completed
S11203,ORD5408,2025-07-29,C2062,P1061,21,35.53,0,0.00,746.13,Website,Credit (30 days),Cancelled
S11204,ORD5408,2025-07-29,C2062,P1044,1,718.54,15,107.78,610.76,Website,Credit (30 days),Cancelled
S11205,ORD5409,2025-08-03,C2045,P1059,4,72.77,10,29.11,261.97,Showroom,Debit Card,Completed
S11206,ORD5409,2025-08-03,C2045,P1043,6,3079.11,15,2771.20,15703.46,Showroom,Debit Card,Completed
S11207,ORD5409,2025-08-03,C2045,P1015,4,1318.46,0,0.00,5273.84,Showroom,Debit Card,Completed
S11208,ORD5410,2024-02-14,C2051,P1038,2,17932.15,10,3586.43,32277.87,Phone Order,Cash,Completed
S11209,ORD5411,2024-04-22,C2079,P1025,5,613.26,10,306.63,2759.67,Website,Cheque,Completed
S11210,ORD5411,2024-04-22,C2079,P1009,16,43.74,5,34.99,664.85,Website,Cheque,Completed
S11211,ORD5411,2024-04-22,C2079,P1041,5,3937.79,15,2953.34,16735.61,Website,Cheque,Completed
S11212,ORD5411,2024-04-22,C2079,P1050,28,315.82,0,0.00,8842.96,Website,Cheque,Completed
S11213,ORD5412,2026-05-03,C2013,P1040,3,10577.02,15,4759.66,26971.40,Showroom,Credit (30 days),Completed
S11214,ORD5412,2026-05-03,C2013,P1031,6,5662.37,15,5096.13,28878.09,Showroom,Credit (30 days),Completed
S11215,ORD5412,2026-05-03,C2013,P1039,1,17126.44,0,0.00,17126.44,Showroom,Credit (30 days),Completed
S11216,ORD5412,2026-05-03,C2013,P1048,2,3312.78,5,331.28,6294.28,Showroom,Credit (30 days),Completed
S11217,ORD5413,2025-03-05,C2014,P1005,3,77.51,0,0.00,232.53,Phone Order,Bank Transfer,Cancelled
S11218,ORD5413,2025-03-05,C2014,P1015,1,1318.46,5,65.92,1252.54,Phone Order,Bank Transfer,Cancelled
S11219,ORD5413,2025-03-05,C2014,P1033,1,2158.06,0,0.00,2158.06,Phone Order,Cash,Cancelled
S11220,ORD5413,2025-03-05,C2014,P1026,5,7306.62,0,0.00,36533.10,Phone Order,Bank Transfer,Cancelled
S11221,ORD5413,2025-03-05,C2014,P1027,5,9174.46,10,4587.23,41285.07,Phone Order,Bank Transfer,Cancelled
S11222,ORD5414,2025-03-09,C2020,P1043,3,3079.11,0,0.00,9237.33,Site Visit / Contractor Order,Debit Card,Completed
S11223,ORD5414,2025-03-09,C2020,P1050,26,315.82,0,0.00,8211.32,Site Visit / Contractor Order,Debit Card,Completed
S11224,ORD5414,2025-03-09,C2020,P1031,5,5662.37,15,4246.78,24065.07,Site Visit / Contractor Order,Debit Card,Completed
S11225,ORD5415,2026-01-18,C2066,P1044,4,718.54,0,0.00,2874.16,Showroom,Cash,Completed
S11226,ORD5415,2026-01-18,C2066,P1041,3,3937.79,0,0.00,11813.37,Showroom,Cash,Completed
S11227,ORD5415,2026-01-18,C2066,P1018,5,389.15,15,291.86,1653.89,Showroom,Cash,Completed
S11228,ORD5415,2026-01-18,C2066,P1033,4,2158.06,15,1294.84,7337.40,Showroom,Cash,Completed
S11229,ORD5416,2024-01-08,C2044,P1050,16,315.82,0,0.00,5053.12,Showroom,Cheque,Completed
S11230,ORD5416,2024-01-08,C2044,P1023,4,274.90,0,0.00,1099.60,Showroom,Cheque,Completed
S11231,ORD5416,2024-01-08,C2044,P1059,18,72.77,0,0.00,1309.86,Showroom,Cheque,Completed
S11232,ORD5416,2024-01-08,C2044,P1014,2,950.32,0,0.00,1900.64,Showroom,Cheque,Completed
S11233,ORD5417,2025-12-04,C2104,P1041,3,3937.79,10,1181.34,10632.03,Showroom,UPI,Completed
S11234,ORD5417,2025-12-04,C2104,P1062,19,121.84,0,0.00,2314.96,Showroom,UPI,Completed
S11235,ORD5418,2024-09-24,C2109,P1009,3,43.74,5,6.56,124.66,Phone Order,Credit Card,Pending
S11236,ORD5418,2024-09-24,C2109,P1031,2,5662.37,0,0.00,11324.74,Phone Order,Credit Card,Pending
S11237,ORD5418,2024-09-24,C2109,P1018,2,389.15,0,0.00,778.30,Phone Order,Credit Card,Pending
S11238,ORD5418,2024-09-24,C2109,P1042,1,16071.09,0,0.00,16071.09,Phone Order,Credit Card,Pending
S11239,ORD5419,2025-03-25,C2100,P1014,2,950.32,0,0.00,1900.64,Site Visit / Contractor Order,Credit Card,Cancelled
S11240,ORD5419,2025-03-25,C2100,P1039,4,17126.44,0,0.00,68505.76,Site Visit / Contractor Order,Credit Card,Cancelled
S11241,ORD5419,2025-03-25,C2100,P1055,32,55.79,0,0.00,1785.28,Site Visit / Contractor Order,Credit Card,Cancelled
S11242,ORD5420,2026-03-10,C2087,P1047,3,2185.83,15,983.62,5573.87,Phone Order,Credit (30 days),Returned
S11243,ORD5420,2026-03-10,C2087,P1030,5,4994.96,0,0.00,24974.80,Phone Order,Credit (30 days),Returned
S11244,ORD5420,2026-03-10,C2087,P1029,2,5539.10,0,0.00,11078.20,Phone Order,Credit (30 days),Returned
S11245,ORD5420,2026-03-10,C2087,P1011,16,60.67,10,97.07,873.65,Phone Order,Credit (30 days),Returned
S11246,ORD5421,2024-02-28,C2067,P1028,5,9015.25,0,0.00,45076.25,Website,Cheque,Pending
S11247,ORD5421,2024-02-28,C2067,P1012,16,51.71,0,0.00,827.36,Website,Cheque,Pending
S11248,ORD5422,2024-04-15,C2100,P1025,2,613.26,0,0.00,1226.52,Phone Order,UPI,Completed
S11249,ORD5422,2024-04-15,C2100,P1022,1,550.30,15,82.55,467.75,Phone Order,UPI,Completed
S11250,ORD5423,2024-03-26,C2094,P1051,36,188.54,0,0.00,6787.44,Site Visit / Contractor Order,Cheque,Completed
S11251,ORD5423,2024-03-26,C2094,P1002,10,122.29,10,122.29,1100.61,Site Visit / Contractor Order,Cheque,Completed
S11252,ORD5423,2024-03-26,C2094,P1033,6,2158.06,15,1942.25,11006.11,Site Visit / Contractor Order,Cheque,Completed
S11253,ORD5424,2025-08-25,C2059,P1031,2,5662.37,0,0.00,11324.74,Website,UPI,Returned
S11254,ORD5425,2024-03-28,C2090,P1009,37,43.74,0,0.00,1618.38,Phone Order,Cheque,Completed
S11255,ORD5425,2024-03-28,C2090,P1062,28,121.84,10,341.15,3070.37,Phone Order,Cheque,Completed
S11256,ORD5425,2024-03-28,C2090,P1040,6,10577.02,0,0.00,63462.12,Phone Order,Cheque,Completed
S11257,ORD5425,2024-03-28,C2090,P1061,2,35.53,0,0.00,71.06,Phone Order,Cheque,Completed
S11258,ORD5425,2024-03-28,C2090,P1032,4,8120.08,10,3248.03,29232.29,Phone Order,Cheque,Completed
S11259,ORD5426,2025-10-16,C2005,P1035,2,9670.80,15,2901.24,16440.36,Showroom,Credit Card,Completed
S11260,ORD5426,2025-10-16,C2005,P1046,4,3804.20,5,760.84,14455.96,Showroom,Credit Card,Completed
S11261,ORD5426,2025-10-16,C2005,P1010,8,43.54,10,34.83,313.49,Showroom,Cash,Completed
S11262,ORD5427,2025-09-01,C2115,P1006,35,147.09,0,0.00,5148.15,Website,Cheque,Completed
S11263,ORD5427,2025-09-01,C2115,P1039,1,17126.44,10,1712.64,15413.80,Website,Cheque,Completed
S11264,ORD5427,2025-09-01,C2115,P1060,26,129.76,0,0.00,3373.76,Website,Cheque,Completed
S11265,ORD5427,2025-09-01,C2115,P1047,6,2185.83,15,1967.25,11147.73,Website,Cheque,Completed
S11266,ORD5428,2025-06-26,C2086,P1051,38,188.54,0,0.00,7164.52,Site Visit / Contractor Order,Credit (30 days),Completed
S11267,ORD5429,2025-11-06,C2005,P1005,7,77.51,0,0.00,542.57,Showroom,Cash,Pending
S11268,ORD5430,2026-08-23,C2025,P1051,17,188.54,0,0.00,3205.18,Phone Order,Bank Transfer,Completed
S11269,ORD5430,2026-08-23,C2025,P1004,1,157.89,15,23.68,134.21,Phone Order,Bank Transfer,Completed
S11270,ORD5430,2026-08-23,C2025,P1029,1,5539.10,0,0.00,5539.10,Phone Order,Bank Transfer,Completed
S11271,ORD5430,2026-08-23,C2025,P1001,18,133.12,10,239.62,2156.54,Phone Order,Bank Transfer,Completed
S11272,ORD5431,2026-03-19,C2045,P1062,5,121.84,15,91.38,517.82,Site Visit / Contractor Order,Debit Card,Completed
S11273,ORD5431,2026-03-19,C2045,P1016,4,1091.69,0,0.00,4366.76,Site Visit / Contractor Order,Debit Card,Completed
S11274,ORD5431,2026-03-19,C2045,P1040,5,10577.02,5,2644.26,50240.84,Site Visit / Contractor Order,Debit Card,Completed
S11275,ORD5432,2025-03-14,C2002,P1021,4,479.49,0,0.00,1917.96,Website,Debit Card,Cancelled
S11276,ORD5432,2025-03-14,C2002,P1039,2,17126.44,0,0.00,34252.88,Website,Debit Card,Cancelled
S11277,ORD5433,2024-10-31,C2008,P1039,3,17126.44,5,2568.97,48810.35,Site Visit / Contractor Order,Cheque,Completed
S11278,ORD5433,2024-10-31,C2008,P1053,11,214.82,5,118.15,2244.87,Site Visit / Contractor Order,Cheque,Completed
S11279,ORD5433,2024-10-31,C2008,P1054,15,177.02,10,265.53,2389.77,Site Visit / Contractor Order,Cheque,Completed
S11280,ORD5433,2024-10-31,C2008,P1018,3,389.15,5,58.37,1109.08,Site Visit / Contractor Order,Cheque,Completed
S11281,ORD5434,2024-10-29,C2003,P1014,4,950.32,0,0.00,3801.28,Site Visit / Contractor Order,Cash,Returned
S11282,ORD5434,2024-10-29,C2003,P1010,5,43.54,0,0.00,217.70,Site Visit / Contractor Order,Cash,Returned
S11283,ORD5435,2026-08-29,C2020,P1014,4,950.32,0,0.00,3801.28,Site Visit / Contractor Order,Bank Transfer,Cancelled
S11284,ORD5435,2026-08-29,C2020,P1019,3,264.47,15,119.01,674.40,Site Visit / Contractor Order,Bank Transfer,Cancelled
S11285,ORD5435,2026-08-29,C2020,P1018,6,389.15,0,0.00,2334.90,Site Visit / Contractor Order,Bank Transfer,Cancelled
S11286,ORD5435,2026-08-29,C2020,P1028,2,9015.25,0,0.00,18030.50,Site Visit / Contractor Order,Bank Transfer,Cancelled
S11287,ORD5435,2026-08-29,C2020,P1004,23,157.89,5,181.57,3449.90,Site Visit / Contractor Order,Bank Transfer,Cancelled
S11288,ORD5436,2025-03-28,C2008,P1035,2,9670.80,0,0.00,19341.60,Showroom,Cash,Completed
S11289,ORD5436,2025-03-28,C2008,P1042,4,16071.09,5,3214.22,61070.14,Showroom,Cash,Completed
S11290,ORD5436,2025-03-28,C2008,P1018,6,389.15,15,350.24,1984.66,Showroom,Cash,Completed
S11291,ORD5436,2025-03-28,C2008,P1014,6,950.32,0,0.00,5701.92,Showroom,Cash,Completed
S11292,ORD5437,2026-01-16,C2066,P1026,5,7306.62,0,0.00,36533.10,Phone Order,Cheque,Completed
S11293,ORD5438,2026-06-06,C2099,P1052,21,180.78,15,569.46,3226.92,Phone Order,Credit Card,Completed
S11294,ORD5439,2024-09-03,C2034,P1007,23,50.91,10,117.09,1053.84,Phone Order,Cheque,Pending
S11295,ORD5439,2024-09-03,C2034,P1003,13,136.23,5,88.55,1682.44,Phone Order,Cheque,Pending
S11296,ORD5439,2024-09-03,C2034,P1043,4,3079.11,10,1231.64,11084.80,Phone Order,Cheque,Pending
S11297,ORD5440,2026-07-20,C2037,P1057,11,129.53,15,213.72,1211.11,Website,Credit Card,Returned
S11298,ORD5440,2026-07-20,C2037,P1006,15,147.09,10,220.63,1985.72,Website,Credit Card,Returned
S11299,ORD5440,2026-07-20,C2037,P1003,9,136.23,0,0.00,1226.07,Website,Credit Card,Returned
S11300,ORD5440,2026-07-20,C2037,P1052,30,180.78,0,0.00,5423.40,Website,Credit Card,Returned
S11301,ORD5440,2026-07-20,C2037,P1008,34,43.90,0,0.00,1492.60,Website,Credit Card,Returned
S11302,ORD5441,2026-04-18,C2093,P1025,5,613.26,5,153.31,2912.99,Site Visit / Contractor Order,Debit Card,Completed
S11303,ORD5442,2026-01-27,C2066,P1057,28,129.53,0,0.00,3626.84,Showroom,Credit (30 days),Completed
S11304,ORD5442,2026-01-27,C2066,P1063,13,112.97,10,146.86,1321.75,Showroom,Credit (30 days),Completed
S11305,ORD5442,2026-01-27,C2066,P1025,2,613.26,0,0.00,1226.52,Showroom,Credit (30 days),Completed
S11306,ORD5442,2026-01-27,C2066,P1056,31,107.71,0,0.00,3339.01,Showroom,Credit (30 days),Completed
S11307,ORD5443,2024-05-26,C2109,P1061,7,35.53,15,37.31,211.40,Website,Credit Card,Returned
S11308,ORD5444,2026-05-06,C2071,P1004,39,157.89,0,0.00,6157.71,Phone Order,Debit Card,Pending
S11309,ORD5444,2026-05-06,C2071,P1002,3,122.29,15,55.03,311.84,Phone Order,Debit Card,Pending
S11310,ORD5445,2025-10-08,C2008,P1020,5,257.12,0,0.00,1285.60,Showroom,Credit (30 days),Completed
S11311,ORD5445,2025-10-08,C2008,P1039,5,17126.44,0,0.00,85632.20,Showroom,Credit (30 days),Completed
S11312,ORD5445,2025-10-08,C2008,P1016,2,1091.69,0,0.00,2183.38,Showroom,Credit (30 days),Completed
S11313,ORD5445,2025-10-08,C2008,P1030,4,4994.96,15,2996.98,16982.86,Showroom,Credit (30 days),Completed
S11314,ORD5446,2024-03-31,C2018,P1041,4,3937.79,0,0.00,15751.16,Site Visit / Contractor Order,Credit Card,Returned
S11315,ORD5446,2024-03-31,C2018,P1025,4,613.26,0,0.00,2453.04,Site Visit / Contractor Order,Credit Card,Returned
S11316,ORD5447,2026-06-09,C2089,P1022,5,550.30,0,0.00,2751.50,Site Visit / Contractor Order,Cheque,Completed
S11317,ORD5447,2026-06-09,C2089,P1031,5,5662.37,5,1415.59,26896.26,Site Visit / Contractor Order,Cheque,Completed
S11318,ORD5447,2026-06-09,C2089,P1032,3,8120.08,0,0.00,24360.24,Site Visit / Contractor Order,Cheque,Completed
S11319,ORD5447,2026-06-09,C2089,P1044,2,718.54,0,0.00,1437.08,Site Visit / Contractor Order,Cheque,Completed
S11320,ORD5448,2026-07-25,C2080,P1035,1,9670.80,0,0.00,9670.80,Showroom,Cheque,Returned
S11321,ORD5448,2026-07-25,C2080,P1042,1,16071.09,15,2410.66,13660.43,Showroom,Cheque,Returned
S11322,ORD5448,2026-07-25,C2080,P1027,5,9174.46,15,6880.85,38991.45,Showroom,Cheque,Returned
S11323,ORD5448,2026-07-25,C2080,P1032,5,8120.08,0,0.00,40600.40,Showroom,Cheque,Returned
S11324,ORD5448,2026-07-25,C2080,P1020,4,257.12,10,102.85,925.63,Showroom,Cheque,Returned
S11325,ORD5449,2025-06-22,C2089,P1028,1,9015.25,5,450.76,8564.49,Website,Credit (30 days),Completed
S11326,ORD5449,2025-06-22,C2089,P1031,3,5662.37,0,0.00,16987.11,Website,Credit (30 days),Completed
S11327,ORD5449,2025-06-22,C2089,P1007,8,50.91,10,40.73,366.55,Website,Cash,Completed
S11328,ORD5449,2025-06-22,C2089,P1033,4,2158.06,0,0.00,8632.24,Website,Credit (30 days),Completed
S11329,ORD5449,2025-06-22,C2089,P1059,40,72.77,0,0.00,2910.80,Website,Credit (30 days),Completed
S11330,ORD5450,2025-12-01,C2048,P1007,6,50.91,10,30.55,274.91,Phone Order,UPI,Completed
S11331,ORD5450,2025-12-01,C2048,P1005,39,77.51,5,151.14,2871.75,Phone Order,UPI,Completed
S11332,ORD5451,2024-07-26,C2042,P1031,1,5662.37,5,283.12,5379.25,Phone Order,Credit (30 days),Completed
S11333,ORD5451,2024-07-26,C2042,P1022,4,550.30,10,220.12,1981.08,Phone Order,Credit (30 days),Completed
S11334,ORD5451,2024-07-26,C2042,P1051,10,188.54,15,282.81,1602.59,Phone Order,Credit (30 days),Completed
S11335,ORD5451,2024-07-26,C2042,P1049,38,84.28,0,0.00,3202.64,Phone Order,Credit (30 days),Completed
S11336,ORD5451,2024-07-26,C2042,P1013,2,431.88,0,0.00,863.76,Phone Order,Credit (30 days),Completed
S11337,ORD5452,2025-04-26,C2008,P1033,2,2158.06,0,0.00,4316.12,Site Visit / Contractor Order,Debit Card,Returned
S11338,ORD5453,2026-02-02,C2092,P1060,6,129.76,15,116.78,661.78,Phone Order,Cash,Completed
S11339,ORD5454,2026-06-07,C2054,P1051,18,188.54,5,169.69,3224.03,Showroom,UPI,Completed
S11340,ORD5454,2026-06-07,C2054,P1032,1,8120.08,0,0.00,8120.08,Showroom,UPI,Completed
S11341,ORD5454,2026-06-07,C2054,P1050,28,315.82,0,0.00,8842.96,Showroom,UPI,Completed
S11342,ORD5454,2026-06-07,C2054,P1037,6,11451.05,0,0.00,68706.30,Showroom,UPI,Completed
S11343,ORD5455,2025-11-14,C2084,P1056,33,107.71,15,533.16,3021.27,Showroom,Bank Transfer,Cancelled
S11344,ORD5455,2025-11-14,C2084,P1042,5,16071.09,0,0.00,80355.45,Showroom,Bank Transfer,Cancelled
S11345,ORD5455,2025-11-14,C2084,P1011,31,60.67,0,0.00,1880.77,Showroom,Bank Transfer,Cancelled
S11346,ORD5456,2026-08-27,C2041,P1062,5,121.84,0,0.00,609.20,Phone Order,UPI,Pending
S11347,ORD5456,2026-08-27,C2041,P1058,16,123.88,0,0.00,1982.08,Phone Order,UPI,Pending
S11348,ORD5457,2025-03-28,C2115,P1055,26,55.79,0,0.00,1450.54,Phone Order,Cheque,Completed
S11349,ORD5457,2025-03-28,C2115,P1027,1,9174.46,5,458.72,8715.74,Phone Order,Cheque,Completed
S11350,ORD5457,2025-03-28,C2115,P1001,11,133.12,0,0.00,1464.32,Phone Order,Cheque,Completed
S11351,ORD5458,2025-11-16,C2054,P1040,5,10577.02,5,2644.26,50240.84,Site Visit / Contractor Order,UPI,Completed
S11352,ORD5459,2024-01-01,C2115,P1059,5,72.77,0,0.00,363.85,Phone Order,Cash,Completed
S11353,ORD5459,2024-01-01,C2115,P1050,33,315.82,0,0.00,10422.06,Phone Order,Cash,Completed
S11354,ORD5459,2024-01-01,C2115,P1043,6,3079.11,5,923.73,17550.93,Phone Order,Cash,Completed
S11355,ORD5460,2025-11-26,C2066,P1044,1,718.54,0,0.00,718.54,Website,Credit Card,Completed
S11356,ORD5460,2025-11-26,C2066,P1052,3,180.78,0,0.00,542.34,Website,Credit Card,Completed
S11357,ORD5460,2025-11-26,C2066,P1029,6,5539.10,0,0.00,33234.60,Website,Credit Card,Completed
S11358,ORD5460,2025-11-26,C2066,P1024,1,353.21,10,35.32,317.89,Website,Credit Card,Completed
S11359,ORD5460,2025-11-26,C2066,P1046,1,3804.20,5,190.21,3613.99,Website,Credit Card,Completed
S11360,ORD5461,2026-03-10,C2036,P1006,34,147.09,0,0.00,5001.06,Site Visit / Contractor Order,Bank Transfer,Completed
S11361,ORD5461,2026-03-10,C2036,P1004,36,157.89,0,0.00,5684.04,Site Visit / Contractor Order,Bank Transfer,Completed
S11362,ORD5462,2024-03-28,C2030,P1031,3,5662.37,0,0.00,16987.11,Website,UPI,Cancelled
S11363,ORD5462,2024-03-28,C2030,P1054,15,177.02,0,0.00,2655.30,Website,UPI,Cancelled
S11364,ORD5462,2024-03-28,C2030,P1023,5,274.90,0,0.00,1374.50,Website,UPI,Cancelled
S11365,ORD5462,2024-03-28,C2030,P1056,40,107.71,5,215.42,4092.98,Website,UPI,Cancelled
S11366,ORD5463,2025-06-16,C2097,P1054,38,177.02,0,0.00,6726.76,Website,Cheque,Completed
S11367,ORD5463,2025-06-16,C2097,P1030,5,4994.96,10,2497.48,22477.32,Website,Cheque,Completed
S11368,ORD5463,2025-06-16,C2097,P1031,2,5662.37,0,0.00,11324.74,Website,Cheque,Completed
S11369,ORD5464,2024-12-01,C2086,P1048,1,3312.78,0,0.00,3312.78,Website,Credit Card,Pending
S11370,ORD5465,2026-07-20,C2014,P1028,6,9015.25,0,0.00,54091.50,Phone Order,Bank Transfer,Completed
S11371,ORD5465,2026-07-20,C2014,P1052,16,180.78,10,289.25,2603.23,Phone Order,Bank Transfer,Completed
S11372,ORD5465,2026-07-20,C2014,P1035,2,9670.80,0,0.00,19341.60,Phone Order,Bank Transfer,Completed
S11373,ORD5465,2026-07-20,C2014,P1059,22,72.77,0,0.00,1600.94,Phone Order,Bank Transfer,Completed
S11374,ORD5466,2024-11-11,C2053,P1027,5,9174.46,0,0.00,45872.30,Website,Debit Card,Completed
S11375,ORD5466,2024-11-11,C2053,P1051,28,188.54,5,263.96,5015.16,Website,Debit Card,Completed
S11376,ORD5466,2024-11-11,C2053,P1041,5,3937.79,0,0.00,19688.95,Website,Debit Card,Completed
S11377,ORD5466,2024-11-11,C2053,P1029,3,5539.10,0,0.00,16617.30,Website,Debit Card,Completed
S11378,ORD5466,2024-11-11,C2053,P1007,32,50.91,10,162.91,1466.21,Website,Debit Card,Completed
S11379,ORD5467,2024-02-29,C2094,P1035,6,9670.80,0,0.00,58024.80,Site Visit / Contractor Order,Cheque,Completed
S11380,ORD5468,2026-08-03,C2056,P1015,4,1318.46,15,791.08,4482.76,Site Visit / Contractor Order,Credit (30 days),Completed
S11381,ORD5468,2026-08-03,C2056,P1008,37,43.90,5,81.22,1543.08,Site Visit / Contractor Order,Credit (30 days),Completed
S11382,ORD5469,2026-06-29,C2019,P1045,5,2349.19,15,1761.89,9984.06,Site Visit / Contractor Order,Debit Card,Pending
S11383,ORD5469,2026-06-29,C2019,P1033,3,2158.06,15,971.13,5503.05,Site Visit / Contractor Order,Debit Card,Pending
S11384,ORD5469,2026-06-29,C2019,P1047,1,2185.83,0,0.00,2185.83,Site Visit / Contractor Order,Debit Card,Pending
S11385,ORD5469,2026-06-29,C2019,P1060,7,129.76,0,0.00,908.32,Site Visit / Contractor Order,Debit Card,Pending
S11386,ORD5470,2025-09-01,C2004,P1041,3,3937.79,0,0.00,11813.37,Phone Order,Cheque,Returned
S11387,ORD5470,2025-09-01,C2004,P1058,32,123.88,15,594.62,3369.54,Phone Order,Cheque,Returned
S11388,ORD5470,2025-09-01,C2004,P1018,4,389.15,0,0.00,1556.60,Phone Order,Cheque,Returned
S11389,ORD5470,2025-09-01,C2004,P1010,17,43.54,15,111.03,629.15,Phone Order,Cheque,Returned
S11390,ORD5471,2025-09-26,C2113,P1051,11,188.54,15,311.09,1762.85,Site Visit / Contractor Order,Cash,Completed
S11391,ORD5471,2025-09-26,C2113,P1013,2,431.88,0,0.00,863.76,Site Visit / Contractor Order,Cash,Completed
S11392,ORD5471,2025-09-26,C2113,P1020,3,257.12,15,115.70,655.66,Site Visit / Contractor Order,Cash,Completed
S11393,ORD5472,2025-05-25,C2095,P1005,27,77.51,0,0.00,2092.77,Phone Order,Bank Transfer,Returned
S11394,ORD5472,2025-05-25,C2095,P1013,6,431.88,0,0.00,2591.28,Phone Order,Bank Transfer,Returned
S11395,ORD5473,2024-04-07,C2120,P1031,2,5662.37,0,0.00,11324.74,Phone Order,Credit (30 days),Returned
S11396,ORD5473,2024-04-07,C2120,P1033,2,2158.06,0,0.00,4316.12,Phone Order,Credit (30 days),Returned
S11397,ORD5473,2024-04-07,C2120,P1047,5,2185.83,0,0.00,10929.15,Phone Order,Credit (30 days),Returned
S11398,ORD5474,2026-05-14,C2073,P1056,19,107.71,15,306.97,1739.52,Website,Cash,Returned
S11399,ORD5474,2026-05-14,C2073,P1025,6,613.26,15,551.93,3127.63,Website,Cheque,Returned
S11400,ORD5474,2026-05-14,C2073,P1026,3,7306.62,10,2191.99,19727.87,Website,Cheque,Returned
S11401,ORD5474,2026-05-14,C2073,P1046,3,3804.20,15,1711.89,9700.71,Website,Cheque,Returned
S11402,ORD5475,2026-02-09,C2088,P1047,5,2185.83,0,0.00,10929.15,Phone Order,Cheque,Pending
S11403,ORD5476,2024-05-08,C2011,P1002,26,122.29,0,0.00,3179.54,Showroom,Credit Card,Pending
S11404,ORD5476,2024-05-08,C2011,P1061,3,35.53,0,0.00,106.59,Showroom,Credit Card,Pending
S11405,ORD5476,2024-05-08,C2011,P1056,13,107.71,0,0.00,1400.23,Showroom,Credit Card,Pending
S11406,ORD5476,2024-05-08,C2011,P1027,4,9174.46,0,0.00,36697.84,Showroom,Credit Card,Pending
S11407,ORD5477,2026-08-06,C2020,P1041,6,3937.79,5,1181.34,22445.40,Website,Credit (30 days),Returned
S11408,ORD5477,2026-08-06,C2020,P1020,4,257.12,0,0.00,1028.48,Website,Credit (30 days),Returned
S11409,ORD5477,2026-08-06,C2020,P1017,5,736.61,0,0.00,3683.05,Website,Credit (30 days),Returned
S11410,ORD5477,2026-08-06,C2020,P1039,1,17126.44,0,0.00,17126.44,Website,Credit (30 days),Returned
S11411,ORD5478,2025-06-06,C2067,P1034,6,2889.86,0,0.00,17339.16,Phone Order,Credit (30 days),Cancelled
S11412,ORD5478,2025-06-06,C2067,P1036,3,4892.01,0,0.00,14676.03,Phone Order,Credit (30 days),Cancelled
S11413,ORD5478,2025-06-06,C2067,P1053,39,214.82,5,418.90,7959.08,Phone Order,Credit (30 days),Cancelled
S11414,ORD5479,2025-10-26,C2010,P1055,2,55.79,15,16.74,94.84,Site Visit / Contractor Order,Bank Transfer,Completed
S11415,ORD5479,2025-10-26,C2010,P1024,1,353.21,0,0.00,353.21,Site Visit / Contractor Order,Bank Transfer,Completed
S11416,ORD5479,2025-10-26,C2010,P1020,1,257.12,0,0.00,257.12,Site Visit / Contractor Order,Bank Transfer,Completed
S11417,ORD5479,2025-10-26,C2010,P1037,1,11451.05,5,572.55,10878.50,Site Visit / Contractor Order,Bank Transfer,Completed
S11418,ORD5479,2025-10-26,C2010,P1025,6,613.26,15,551.93,3127.63,Site Visit / Contractor Order,Bank Transfer,Completed
S11419,ORD5480,2026-06-16,C2061,P1015,3,1318.46,5,197.77,3757.61,Showroom,Credit (30 days),Completed
S11420,ORD5481,2025-12-03,C2102,P1001,37,133.12,0,0.00,4925.44,Phone Order,Credit Card,Completed
S11421,ORD5482,2024-09-24,C2092,P1012,16,51.71,0,0.00,827.36,Site Visit / Contractor Order,Cheque,Completed
S11422,ORD5482,2024-09-24,C2092,P1051,25,188.54,10,471.35,4242.15,Site Visit / Contractor Order,Cheque,Completed
S11423,ORD5483,2024-01-05,C2109,P1019,4,264.47,0,0.00,1057.88,Site Visit / Contractor Order,Cheque,Completed
S11424,ORD5483,2024-01-05,C2109,P1021,5,479.49,0,0.00,2397.45,Site Visit / Contractor Order,Cheque,Completed
S11425,ORD5483,2024-01-05,C2109,P1043,4,3079.11,0,0.00,12316.44,Site Visit / Contractor Order,Cheque,Completed
S11426,ORD5483,2024-01-05,C2109,P1048,3,3312.78,0,0.00,9938.34,Site Visit / Contractor Order,Cash,Completed
S11427,ORD5483,2024-01-05,C2109,P1040,2,10577.02,15,3173.11,17980.93,Site Visit / Contractor Order,Cheque,Completed
S11428,ORD5484,2026-01-08,C2089,P1021,6,479.49,5,143.85,2733.09,Website,Debit Card,Completed
S11429,ORD5484,2026-01-08,C2089,P1063,34,112.97,5,192.05,3648.93,Website,Debit Card,Completed
S11430,ORD5484,2026-01-08,C2089,P1024,5,353.21,0,0.00,1766.05,Website,Debit Card,Completed
S11431,ORD5484,2026-01-08,C2089,P1012,8,51.71,0,0.00,413.68,Website,Debit Card,Completed
S11432,ORD5484,2026-01-08,C2089,P1035,6,9670.80,5,2901.24,55123.56,Website,Cash,Completed
S11433,ORD5485,2025-04-24,C2011,P1044,2,718.54,0,0.00,1437.08,Phone Order,UPI,Cancelled
S11434,ORD5485,2025-04-24,C2011,P1029,6,5539.10,0,0.00,33234.60,Phone Order,UPI,Cancelled
S11435,ORD5486,2024-09-14,C2091,P1034,3,2889.86,0,0.00,8669.58,Website,UPI,Completed
S11436,ORD5487,2025-07-17,C2037,P1061,14,35.53,5,24.87,472.55,Showroom,Debit Card,Completed
S11437,ORD5487,2025-07-17,C2037,P1034,6,2889.86,0,0.00,17339.16,Showroom,Debit Card,Completed
S11438,ORD5488,2025-12-18,C2057,P1054,36,177.02,0,0.00,6372.72,Phone Order,Credit (30 days),Pending
S11439,ORD5488,2025-12-18,C2057,P1024,3,353.21,0,0.00,1059.63,Phone Order,Credit (30 days),Pending
S11440,ORD5488,2025-12-18,C2057,P1014,4,950.32,0,0.00,3801.28,Phone Order,Credit (30 days),Pending
S11441,ORD5488,2025-12-18,C2057,P1023,3,274.90,0,0.00,824.70,Phone Order,Credit (30 days),Pending
S11442,ORD5489,2024-03-16,C2006,P1012,28,51.71,15,217.18,1230.70,Showroom,Cash,Cancelled
S11443,ORD5489,2024-03-16,C2006,P1045,4,2349.19,0,0.00,9396.76,Showroom,Cash,Cancelled
S11444,ORD5489,2024-03-16,C2006,P1009,22,43.74,10,96.23,866.05,Showroom,Cash,Cancelled
S11445,ORD5490,2026-02-23,C2062,P1013,1,431.88,15,64.78,367.10,Showroom,Cash,Completed
S11446,ORD5491,2024-01-03,C2119,P1019,6,264.47,0,0.00,1586.82,Showroom,Credit (30 days),Pending
S11447,ORD5491,2024-01-03,C2119,P1041,6,3937.79,0,0.00,23626.74,Showroom,Credit (30 days),Pending
S11448,ORD5491,2024-01-03,C2119,P1033,2,2158.06,0,0.00,4316.12,Showroom,Credit (30 days),Pending
S11449,ORD5491,2024-01-03,C2119,P1005,3,77.51,15,34.88,197.65,Showroom,Credit (30 days),Pending
S11450,ORD5491,2024-01-03,C2119,P1030,5,4994.96,10,2497.48,22477.32,Showroom,Credit (30 days),Pending
S11451,ORD5492,2024-04-10,C2066,P1055,15,55.79,0,0.00,836.85,Phone Order,Cash,Completed
S11452,ORD5492,2024-04-10,C2066,P1007,22,50.91,5,56.00,1064.02,Phone Order,Cash,Completed
S11453,ORD5492,2024-04-10,C2066,P1053,3,214.82,0,0.00,644.46,Phone Order,Cash,Completed
S11454,ORD5493,2024-11-26,C2075,P1049,38,84.28,0,0.00,3202.64,Website,Bank Transfer,Completed
S11455,ORD5493,2024-11-26,C2075,P1039,2,17126.44,0,0.00,34252.88,Website,Bank Transfer,Completed
S11456,ORD5493,2024-11-26,C2075,P1052,8,180.78,0,0.00,1446.24,Website,Bank Transfer,Completed
S11457,ORD5493,2024-11-26,C2075,P1059,2,72.77,15,21.83,123.71,Website,Bank Transfer,Completed
S11458,ORD5494,2025-08-14,C2062,P1007,10,50.91,0,0.00,509.10,Site Visit / Contractor Order,UPI,Completed
S11459,ORD5494,2025-08-14,C2062,P1061,3,35.53,0,0.00,106.59,Site Visit / Contractor Order,UPI,Completed
S11460,ORD5494,2025-08-14,C2062,P1015,2,1318.46,15,395.54,2241.38,Site Visit / Contractor Order,UPI,Completed
S11461,ORD5494,2025-08-14,C2062,P1032,1,8120.08,0,0.00,8120.08,Site Visit / Contractor Order,Cash,Completed
S11462,ORD5494,2025-08-14,C2062,P1044,5,718.54,0,0.00,3592.70,Site Visit / Contractor Order,UPI,Completed
S11463,ORD5495,2026-02-18,C2092,P1048,4,3312.78,0,0.00,13251.12,Phone Order,Cheque,Cancelled
S11464,ORD5495,2026-02-18,C2092,P1062,32,121.84,0,0.00,3898.88,Phone Order,Cheque,Cancelled
S11465,ORD5495,2026-02-18,C2092,P1036,2,4892.01,15,1467.60,8316.42,Phone Order,Cheque,Cancelled
S11466,ORD5495,2026-02-18,C2092,P1023,3,274.90,10,82.47,742.23,Phone Order,Cheque,Cancelled
S11467,ORD5496,2026-05-22,C2059,P1047,1,2185.83,5,109.29,2076.54,Website,Credit Card,Pending
S11468,ORD5496,2026-05-22,C2059,P1045,4,2349.19,5,469.84,8926.92,Website,Credit Card,Pending
S11469,ORD5496,2026-05-22,C2059,P1034,4,2889.86,5,577.97,10981.47,Website,Credit Card,Pending
S11470,ORD5496,2026-05-22,C2059,P1037,6,11451.05,5,3435.32,65270.98,Website,Credit Card,Pending
S11471,ORD5497,2024-08-12,C2024,P1058,12,123.88,0,0.00,1486.56,Phone Order,Cheque,Completed
S11472,ORD5497,2024-08-12,C2024,P1038,1,17932.15,0,0.00,17932.15,Phone Order,Cheque,Completed
S11473,ORD5497,2024-08-12,C2024,P1003,3,136.23,0,0.00,408.69,Phone Order,Cheque,Completed
S11474,ORD5498,2025-05-26,C2017,P1047,3,2185.83,0,0.00,6557.49,Site Visit / Contractor Order,Credit (30 days),Cancelled
S11475,ORD5498,2025-05-26,C2017,P1014,6,950.32,10,570.19,5131.73,Site Visit / Contractor Order,Credit (30 days),Cancelled
S11476,ORD5498,2025-05-26,C2017,P1007,38,50.91,0,0.00,1934.58,Site Visit / Contractor Order,Credit (30 days),Cancelled
S11477,ORD5498,2025-05-26,C2017,P1033,6,2158.06,10,1294.84,11653.52,Site Visit / Contractor Order,Credit (30 days),Cancelled
S11478,ORD5499,2025-05-23,C2099,P1027,1,9174.46,0,0.00,9174.46,Showroom,Cheque,Completed
S11479,ORD5499,2025-05-23,C2099,P1058,23,123.88,15,427.39,2421.85,Showroom,Cheque,Completed
S11480,ORD5499,2025-05-23,C2099,P1007,36,50.91,0,0.00,1832.76,Showroom,Cheque,Completed
S11481,ORD5499,2025-05-23,C2099,P1023,4,274.90,10,109.96,989.64,Showroom,Cheque,Completed
S11482,ORD5499,2025-05-23,C2099,P1039,2,17126.44,5,1712.64,32540.24,Showroom,Cheque,Completed
S11483,ORD5500,2026-04-09,C2013,P1027,6,9174.46,0,0.00,55046.76,Website,Cash,Completed
S11484,ORD5500,2026-04-09,C2013,P1005,20,77.51,10,155.02,1395.18,Website,Cash,Completed
S11485,ORD5500,2026-04-09,C2013,P1050,20,315.82,5,315.82,6000.58,Website,Cash,Completed
S11486,ORD5500,2026-04-09,C2013,P1063,31,112.97,0,0.00,3502.07,Website,Cash,Completed
S11487,ORD5500,2026-04-09,C2013,P1018,1,389.15,0,0.00,389.15,Website,Cash,Completed
S11488,ORD5501,2024-02-28,C2017,P1004,38,157.89,0,0.00,5999.82,Website,Credit Card,Returned
S11489,ORD5501,2024-02-28,C2017,P1037,1,11451.05,0,0.00,11451.05,Website,Credit Card,Returned
S11490,ORD5502,2026-03-25,C2107,P1040,1,10577.02,0,0.00,10577.02,Showroom,Bank Transfer,Cancelled
S11491,ORD5502,2026-03-25,C2107,P1034,2,2889.86,0,0.00,5779.72,Showroom,Bank Transfer,Cancelled
S11492,ORD5502,2026-03-25,C2107,P1019,3,264.47,0,0.00,793.41,Showroom,Bank Transfer,Cancelled
S11493,ORD5502,2026-03-25,C2107,P1027,3,9174.46,15,4128.51,23394.87,Showroom,Bank Transfer,Cancelled
S11494,ORD5503,2024-11-25,C2005,P1034,5,2889.86,0,0.00,14449.30,Site Visit / Contractor Order,UPI,Completed
S11495,ORD5504,2024-11-29,C2019,P1012,27,51.71,0,0.00,1396.17,Showroom,Credit Card,Pending
S11496,ORD5504,2024-11-29,C2019,P1001,19,133.12,0,0.00,2529.28,Showroom,Credit Card,Pending
S11497,ORD5505,2024-10-29,C2083,P1035,5,9670.80,0,0.00,48354.00,Website,Credit (30 days),Completed
S11498,ORD5505,2024-10-29,C2083,P1009,36,43.74,0,0.00,1574.64,Website,Credit (30 days),Completed
S11499,ORD5505,2024-10-29,C2083,P1012,9,51.71,0,0.00,465.39,Website,Credit (30 days),Completed
S11500,ORD5506,2025-12-23,C2066,P1057,12,129.53,10,155.44,1398.92,Showroom,Debit Card,Completed
S11501,ORD5506,2025-12-23,C2066,P1046,1,3804.20,10,380.42,3423.78,Showroom,Debit Card,Completed
S11502,ORD5506,2025-12-23,C2066,P1048,4,3312.78,0,0.00,13251.12,Showroom,Debit Card,Completed
S11503,ORD5506,2025-12-23,C2066,P1010,36,43.54,0,0.00,1567.44,Showroom,Debit Card,Completed
S11504,ORD5506,2025-12-23,C2066,P1037,5,11451.05,5,2862.76,54392.49,Showroom,Debit Card,Completed
S11505,ORD5507,2024-02-14,C2013,P1011,8,60.67,0,0.00,485.36,Phone Order,Bank Transfer,Completed
S11506,ORD5507,2024-02-14,C2013,P1018,6,389.15,0,0.00,2334.90,Phone Order,Bank Transfer,Completed
S11507,ORD5507,2024-02-14,C2013,P1007,34,50.91,0,0.00,1730.94,Phone Order,Bank Transfer,Completed
S11508,ORD5507,2024-02-14,C2013,P1021,6,479.49,0,0.00,2876.94,Phone Order,Cash,Completed
S11509,ORD5508,2024-09-17,C2019,P1028,1,9015.25,0,0.00,9015.25,Site Visit / Contractor Order,UPI,Completed
S11510,ORD5508,2024-09-17,C2019,P1025,6,613.26,15,551.93,3127.63,Site Visit / Contractor Order,UPI,Completed
S11511,ORD5508,2024-09-17,C2019,P1057,19,129.53,0,0.00,2461.07,Site Visit / Contractor Order,UPI,Completed
S11512,ORD5508,2024-09-17,C2019,P1044,6,718.54,10,431.12,3880.12,Site Visit / Contractor Order,UPI,Completed
S11513,ORD5509,2025-01-20,C2023,P1051,38,188.54,0,0.00,7164.52,Site Visit / Contractor Order,Cash,Completed
S11514,ORD5509,2025-01-20,C2023,P1040,6,10577.02,10,6346.21,57115.91,Site Visit / Contractor Order,Debit Card,Completed
S11515,ORD5509,2025-01-20,C2023,P1060,35,129.76,0,0.00,4541.60,Site Visit / Contractor Order,Debit Card,Completed
S11516,ORD5509,2025-01-20,C2023,P1055,27,55.79,15,225.95,1280.38,Site Visit / Contractor Order,Debit Card,Completed
S11517,ORD5509,2025-01-20,C2023,P1025,5,613.26,0,0.00,3066.30,Site Visit / Contractor Order,Debit Card,Completed
S11518,ORD5510,2025-02-10,C2085,P1058,18,123.88,0,0.00,2229.84,Showroom,Credit Card,Returned
S11519,ORD5511,2024-01-25,C2091,P1025,5,613.26,0,0.00,3066.30,Website,Cheque,Pending
S11520,ORD5511,2024-01-25,C2091,P1005,35,77.51,0,0.00,2712.85,Website,Cheque,Pending
S11521,ORD5512,2024-07-08,C2088,P1052,22,180.78,0,0.00,3977.16,Site Visit / Contractor Order,UPI,Returned
S11522,ORD5513,2025-01-01,C2098,P1004,5,157.89,5,39.47,749.98,Site Visit / Contractor Order,Cash,Returned
S11523,ORD5513,2025-01-01,C2098,P1031,1,5662.37,10,566.24,5096.13,Site Visit / Contractor Order,Cash,Returned
S11524,ORD5513,2025-01-01,C2098,P1058,5,123.88,15,92.91,526.49,Site Visit / Contractor Order,Cash,Returned
S11525,ORD5513,2025-01-01,C2098,P1007,30,50.91,10,152.73,1374.57,Site Visit / Contractor Order,Cash,Returned
S11526,ORD5514,2024-06-26,C2020,P1021,6,479.49,0,0.00,2876.94,Phone Order,UPI,Completed
S11527,ORD5514,2024-06-26,C2020,P1026,3,7306.62,0,0.00,21919.86,Phone Order,UPI,Completed
S11528,ORD5514,2024-06-26,C2020,P1008,28,43.90,0,0.00,1229.20,Phone Order,UPI,Completed
S11529,ORD5514,2024-06-26,C2020,P1027,1,9174.46,0,0.00,9174.46,Phone Order,UPI,Completed
S11530,ORD5514,2024-06-26,C2020,P1009,35,43.74,0,0.00,1530.90,Phone Order,UPI,Completed
S11531,ORD5515,2025-05-18,C2096,P1021,2,479.49,0,0.00,958.98,Website,Credit (30 days),Pending
S11532,ORD5515,2025-05-18,C2096,P1020,6,257.12,0,0.00,1542.72,Website,Credit (30 days),Pending
S11533,ORD5515,2025-05-18,C2096,P1026,6,7306.62,10,4383.97,39455.75,Website,Credit (30 days),Pending
S11534,ORD5515,2025-05-18,C2096,P1011,27,60.67,0,0.00,1638.09,Website,Credit (30 days),Pending
S11535,ORD5515,2025-05-18,C2096,P1009,26,43.74,0,0.00,1137.24,Website,Credit (30 days),Pending
S11536,ORD5516,2025-04-05,C2051,P1008,30,43.90,10,131.70,1185.30,Phone Order,Cheque,Completed
S11537,ORD5517,2026-09-02,C2048,P1012,11,51.71,0,0.00,568.81,Website,Debit Card,Completed
S11538,ORD5518,2024-09-27,C2033,P1024,2,353.21,0,0.00,706.42,Showroom,Debit Card,Completed
S11539,ORD5518,2024-09-27,C2033,P1020,6,257.12,0,0.00,1542.72,Showroom,Debit Card,Completed
S11540,ORD5518,2024-09-27,C2033,P1005,12,77.51,0,0.00,930.12,Showroom,Debit Card,Completed
S11541,ORD5519,2024-08-01,C2099,P1027,3,9174.46,15,4128.51,23394.87,Website,Debit Card,Cancelled
S11542,ORD5519,2024-08-01,C2099,P1026,6,7306.62,10,4383.97,39455.75,Website,Debit Card,Cancelled
S11543,ORD5520,2024-04-09,C2044,P1041,2,3937.79,10,787.56,7088.02,Site Visit / Contractor Order,Debit Card,Cancelled
S11544,ORD5520,2024-04-09,C2044,P1020,6,257.12,15,231.41,1311.31,Site Visit / Contractor Order,Debit Card,Cancelled
S11545,ORD5520,2024-04-09,C2044,P1001,24,133.12,0,0.00,3194.88,Site Visit / Contractor Order,Debit Card,Cancelled
S11546,ORD5520,2024-04-09,C2044,P1043,2,3079.11,5,307.91,5850.31,Site Visit / Contractor Order,Debit Card,Cancelled
S11547,ORD5521,2025-07-08,C2017,P1027,5,9174.46,15,6880.85,38991.45,Phone Order,Bank Transfer,Completed
S11548,ORD5521,2025-07-08,C2017,P1005,8,77.51,0,0.00,620.08,Phone Order,Bank Transfer,Completed
S11549,ORD5521,2025-07-08,C2017,P1037,1,11451.05,5,572.55,10878.50,Phone Order,Bank Transfer,Completed
S11550,ORD5521,2025-07-08,C2017,P1030,2,4994.96,0,0.00,9989.92,Phone Order,Bank Transfer,Completed
S11551,ORD5521,2025-07-08,C2017,P1011,32,60.67,5,97.07,1844.37,Phone Order,Bank Transfer,Completed
S11552,ORD5522,2024-10-18,C2113,P1030,1,4994.96,15,749.24,4245.72,Phone Order,Debit Card,Pending
S11553,ORD5522,2024-10-18,C2113,P1052,34,180.78,10,614.65,5531.87,Phone Order,Debit Card,Pending
S11554,ORD5522,2024-10-18,C2113,P1018,1,389.15,0,0.00,389.15,Phone Order,Debit Card,Pending
S11555,ORD5522,2024-10-18,C2113,P1059,4,72.77,0,0.00,291.08,Phone Order,Debit Card,Pending
S11556,ORD5522,2024-10-18,C2113,P1048,5,3312.78,0,0.00,16563.90,Phone Order,Debit Card,Pending
S11557,ORD5523,2026-09-09,C2069,P1006,19,147.09,15,419.21,2375.50,Showroom,UPI,Completed
S11558,ORD5524,2026-08-01,C2034,P1031,3,5662.37,15,2548.07,14439.04,Phone Order,Bank Transfer,Cancelled
S11559,ORD5524,2026-08-01,C2034,P1016,5,1091.69,0,0.00,5458.45,Phone Order,Bank Transfer,Cancelled
S11560,ORD5524,2026-08-01,C2034,P1027,4,9174.46,0,0.00,36697.84,Phone Order,Bank Transfer,Cancelled
S11561,ORD5524,2026-08-01,C2034,P1004,9,157.89,0,0.00,1421.01,Phone Order,Bank Transfer,Cancelled
S11562,ORD5524,2026-08-01,C2034,P1044,1,718.54,0,0.00,718.54,Phone Order,Bank Transfer,Cancelled
S11563,ORD5525,2025-08-24,C2080,P1057,32,129.53,10,414.50,3730.46,Website,UPI,Completed
S11564,ORD5526,2025-10-18,C2065,P1016,3,1091.69,0,0.00,3275.07,Showroom,Bank Transfer,Returned
S11565,ORD5527,2024-06-17,C2078,P1012,37,51.71,0,0.00,1913.27,Phone Order,Cash,Pending
S11566,ORD5527,2024-06-17,C2078,P1019,2,264.47,15,79.34,449.60,Phone Order,Cash,Pending
S11567,ORD5527,2024-06-17,C2078,P1035,4,9670.80,0,0.00,38683.20,Phone Order,Cash,Pending
S11568,ORD5528,2024-06-30,C2093,P1039,5,17126.44,0,0.00,85632.20,Site Visit / Contractor Order,Cash,Completed
S11569,ORD5528,2024-06-30,C2093,P1054,19,177.02,0,0.00,3363.38,Site Visit / Contractor Order,Credit (30 days),Completed
S11570,ORD5528,2024-06-30,C2093,P1053,21,214.82,0,0.00,4511.22,Site Visit / Contractor Order,Credit (30 days),Completed
S11571,ORD5529,2026-04-04,C2036,P1058,18,123.88,0,0.00,2229.84,Showroom,UPI,Cancelled
S11572,ORD5530,2025-08-02,C2107,P1027,2,9174.46,0,0.00,18348.92,Showroom,Debit Card,Cancelled
S11573,ORD5530,2025-08-02,C2107,P1006,11,147.09,0,0.00,1617.99,Showroom,Debit Card,Cancelled
S11574,ORD5530,2025-08-02,C2107,P1026,1,7306.62,15,1095.99,6210.63,Showroom,Debit Card,Cancelled
S11575,ORD5530,2025-08-02,C2107,P1032,1,8120.08,15,1218.01,6902.07,Showroom,Debit Card,Cancelled
S11576,ORD5530,2025-08-02,C2107,P1023,5,274.90,5,68.72,1305.78,Showroom,Debit Card,Cancelled
S11577,ORD5531,2025-02-18,C2013,P1018,3,389.15,0,0.00,1167.45,Phone Order,Cash,Pending
S11578,ORD5532,2025-04-17,C2053,P1016,4,1091.69,15,655.01,3711.75,Phone Order,Bank Transfer,Completed
S11579,ORD5532,2025-04-17,C2053,P1052,22,180.78,15,596.57,3380.59,Phone Order,Bank Transfer,Completed
S11580,ORD5532,2025-04-17,C2053,P1011,9,60.67,0,0.00,546.03,Phone Order,Bank Transfer,Completed
S11581,ORD5532,2025-04-17,C2053,P1048,3,3312.78,0,0.00,9938.34,Phone Order,Bank Transfer,Completed
S11582,ORD5533,2026-05-02,C2120,P1038,4,17932.15,0,0.00,71728.60,Website,Credit Card,Cancelled
S11583,ORD5533,2026-05-02,C2120,P1047,4,2185.83,0,0.00,8743.32,Website,Credit Card,Cancelled
S11584,ORD5534,2024-02-29,C2116,P1010,7,43.54,10,30.48,274.30,Website,Credit (30 days),Pending
S11585,ORD5534,2024-02-29,C2116,P1062,8,121.84,0,0.00,974.72,Website,Credit (30 days),Pending
S11586,ORD5534,2024-02-29,C2116,P1057,17,129.53,15,330.30,1871.71,Website,Credit (30 days),Pending
S11587,ORD5534,2024-02-29,C2116,P1008,40,43.90,0,0.00,1756.00,Website,Credit (30 days),Pending
S11588,ORD5535,2025-10-26,C2057,P1022,4,550.30,0,0.00,2201.20,Showroom,Debit Card,Cancelled
S11589,ORD5535,2025-10-26,C2057,P1029,3,5539.10,5,830.87,15786.43,Showroom,Debit Card,Cancelled
S11590,ORD5536,2024-09-11,C2013,P1038,5,17932.15,15,13449.11,76211.64,Website,Credit Card,Completed
S11591,ORD5536,2024-09-11,C2013,P1042,6,16071.09,5,4821.33,91605.21,Website,Credit Card,Completed
S11592,ORD5536,2024-09-11,C2013,P1027,2,9174.46,5,917.45,17431.47,Website,Credit Card,Completed
S11593,ORD5536,2024-09-11,C2013,P1031,3,5662.37,0,0.00,16987.11,Website,Credit Card,Completed
S11594,ORD5536,2024-09-11,C2013,P1036,6,4892.01,0,0.00,29352.06,Website,Credit Card,Completed
S11595,ORD5537,2024-08-21,C2026,P1021,1,479.49,15,71.92,407.57,Phone Order,Cash,Returned
S11596,ORD5537,2024-08-21,C2026,P1010,35,43.54,15,228.59,1295.31,Phone Order,Cheque,Returned
S11597,ORD5537,2024-08-21,C2026,P1012,3,51.71,0,0.00,155.13,Phone Order,Cheque,Returned
S11598,ORD5538,2025-05-01,C2085,P1042,5,16071.09,5,4017.77,76337.68,Site Visit / Contractor Order,Bank Transfer,Pending
S11599,ORD5538,2025-05-01,C2085,P1029,6,5539.10,5,1661.73,31572.87,Site Visit / Contractor Order,Bank Transfer,Pending
S11600,ORD5539,2024-04-02,C2026,P1041,1,3937.79,10,393.78,3544.01,Showroom,Cheque,Cancelled
S11601,ORD5539,2024-04-02,C2026,P1038,1,17932.15,0,0.00,17932.15,Showroom,Cheque,Cancelled
S11602,ORD5539,2024-04-02,C2026,P1036,2,4892.01,15,1467.60,8316.42,Showroom,Cheque,Cancelled
S11603,ORD5540,2024-12-11,C2111,P1002,17,122.29,0,0.00,2078.93,Showroom,Bank Transfer,Returned
S11604,ORD5540,2024-12-11,C2111,P1013,5,431.88,10,215.94,1943.46,Showroom,Bank Transfer,Returned
S11605,ORD5540,2024-12-11,C2111,P1032,6,8120.08,10,4872.05,43848.43,Showroom,Bank Transfer,Returned
S11606,ORD5540,2024-12-11,C2111,P1005,40,77.51,10,310.04,2790.36,Showroom,Bank Transfer,Returned
S11607,ORD5541,2025-06-22,C2012,P1010,27,43.54,0,0.00,1175.58,Showroom,Cheque,Completed
S11608,ORD5541,2025-06-22,C2012,P1039,2,17126.44,0,0.00,34252.88,Showroom,Cheque,Completed
S11609,ORD5541,2025-06-22,C2012,P1026,5,7306.62,5,1826.65,34706.45,Showroom,Cheque,Completed
S11610,ORD5541,2025-06-22,C2012,P1005,22,77.51,5,85.26,1619.96,Showroom,Cheque,Completed
S11611,ORD5541,2025-06-22,C2012,P1056,35,107.71,5,188.49,3581.36,Showroom,Cheque,Completed
S11612,ORD5542,2026-02-02,C2096,P1039,6,17126.44,0,0.00,102758.64,Phone Order,Credit Card,Completed
S11613,ORD5542,2026-02-02,C2096,P1041,2,3937.79,0,0.00,7875.58,Phone Order,Credit Card,Completed
S11614,ORD5543,2025-12-29,C2063,P1055,27,55.79,10,150.63,1355.70,Showroom,Cheque,Completed
S11615,ORD5543,2025-12-29,C2063,P1021,6,479.49,0,0.00,2876.94,Showroom,Cheque,Completed
S11616,ORD5543,2025-12-29,C2063,P1038,1,17932.15,0,0.00,17932.15,Showroom,Cheque,Completed
S11617,ORD5544,2025-10-17,C2104,P1014,2,950.32,15,285.10,1615.54,Site Visit / Contractor Order,Credit (30 days),Completed
S11618,ORD5545,2025-04-04,C2045,P1040,1,10577.02,0,0.00,10577.02,Site Visit / Contractor Order,Cheque,Completed
S11619,ORD5545,2025-04-04,C2045,P1034,2,2889.86,0,0.00,5779.72,Site Visit / Contractor Order,Cheque,Completed
S11620,ORD5545,2025-04-04,C2045,P1029,3,5539.10,5,830.87,15786.43,Site Visit / Contractor Order,Cheque,Completed
S11621,ORD5545,2025-04-04,C2045,P1019,6,264.47,0,0.00,1586.82,Site Visit / Contractor Order,Cheque,Completed
S11622,ORD5545,2025-04-04,C2045,P1060,6,129.76,10,77.86,700.70,Site Visit / Contractor Order,Cheque,Completed
S11623,ORD5546,2025-07-10,C2086,P1024,5,353.21,0,0.00,1766.05,Site Visit / Contractor Order,Debit Card,Completed
S11624,ORD5546,2025-07-10,C2086,P1053,31,214.82,0,0.00,6659.42,Site Visit / Contractor Order,Debit Card,Completed
S11625,ORD5547,2024-11-08,C2094,P1017,2,736.61,5,73.66,1399.56,Site Visit / Contractor Order,Cheque,Completed
S11626,ORD5547,2024-11-08,C2094,P1049,34,84.28,0,0.00,2865.52,Site Visit / Contractor Order,Cheque,Completed
S11627,ORD5547,2024-11-08,C2094,P1003,36,136.23,0,0.00,4904.28,Site Visit / Contractor Order,Cheque,Completed
S11628,ORD5547,2024-11-08,C2094,P1001,28,133.12,5,186.37,3540.99,Site Visit / Contractor Order,Cheque,Completed
S11629,ORD5548,2025-11-28,C2059,P1008,18,43.90,10,79.02,711.18,Phone Order,UPI,Returned
S11630,ORD5548,2025-11-28,C2059,P1028,6,9015.25,0,0.00,54091.50,Phone Order,UPI,Returned
S11631,ORD5549,2026-04-23,C2050,P1019,6,264.47,0,0.00,1586.82,Showroom,Credit (30 days),Completed
S11632,ORD5550,2024-08-14,C2026,P1006,28,147.09,5,205.93,3912.59,Site Visit / Contractor Order,UPI,Completed
S11633,ORD5551,2024-05-04,C2050,P1048,5,3312.78,0,0.00,16563.90,Site Visit / Contractor Order,Cheque,Pending
S11634,ORD5551,2024-05-04,C2050,P1061,10,35.53,0,0.00,355.30,Site Visit / Contractor Order,Cheque,Pending
S11635,ORD5551,2024-05-04,C2050,P1019,6,264.47,0,0.00,1586.82,Site Visit / Contractor Order,Cheque,Pending
S11636,ORD5551,2024-05-04,C2050,P1062,29,121.84,0,0.00,3533.36,Site Visit / Contractor Order,Cheque,Pending
S11637,ORD5552,2026-08-17,C2051,P1060,24,129.76,10,311.42,2802.82,Phone Order,Credit Card,Completed
S11638,ORD5553,2025-09-09,C2080,P1043,3,3079.11,0,0.00,9237.33,Showroom,Bank Transfer,Completed
S11639,ORD5553,2025-09-09,C2080,P1021,2,479.49,5,47.95,911.03,Showroom,Bank Transfer,Completed
S11640,ORD5553,2025-09-09,C2080,P1018,6,389.15,5,116.75,2218.15,Showroom,Bank Transfer,Completed
S11641,ORD5553,2025-09-09,C2080,P1020,5,257.12,0,0.00,1285.60,Showroom,Bank Transfer,Completed
S11642,ORD5553,2025-09-09,C2080,P1049,18,84.28,10,151.70,1365.34,Showroom,Bank Transfer,Completed
S11643,ORD5554,2026-09-02,C2077,P1007,31,50.91,10,157.82,1420.39,Showroom,UPI,Cancelled
S11644,ORD5554,2026-09-02,C2077,P1014,5,950.32,0,0.00,4751.60,Showroom,UPI,Cancelled
S11645,ORD5554,2026-09-02,C2077,P1039,4,17126.44,15,10275.86,58229.90,Showroom,UPI,Cancelled
S11646,ORD5554,2026-09-02,C2077,P1034,4,2889.86,0,0.00,11559.44,Showroom,UPI,Cancelled
S11647,ORD5555,2025-06-28,C2065,P1015,6,1318.46,5,395.54,7515.22,Website,Credit (30 days),Pending
S11648,ORD5555,2025-06-28,C2065,P1037,6,11451.05,0,0.00,68706.30,Website,Credit (30 days),Pending
S11649,ORD5555,2025-06-28,C2065,P1039,5,17126.44,10,8563.22,77068.98,Website,Credit (30 days),Pending
S11650,ORD5555,2025-06-28,C2065,P1044,5,718.54,0,0.00,3592.70,Website,Credit (30 days),Pending
S11651,ORD5555,2025-06-28,C2065,P1005,22,77.51,0,0.00,1705.22,Website,Credit (30 days),Pending
S11652,ORD5556,2026-03-11,C2117,P1015,1,1318.46,5,65.92,1252.54,Showroom,Cash,Pending
S11653,ORD5556,2026-03-11,C2117,P1036,4,4892.01,15,2935.21,16632.83,Showroom,Cash,Pending
S11654,ORD5556,2026-03-11,C2117,P1041,4,3937.79,0,0.00,15751.16,Showroom,Cash,Pending
S11655,ORD5556,2026-03-11,C2117,P1009,36,43.74,15,236.20,1338.44,Showroom,Cash,Pending
S11656,ORD5557,2026-03-06,C2098,P1012,5,51.71,0,0.00,258.55,Showroom,Cash,Cancelled
S11657,ORD5557,2026-03-06,C2098,P1023,2,274.90,15,82.47,467.33,Showroom,Cash,Cancelled
S11658,ORD5558,2025-10-02,C2083,P1026,5,7306.62,0,0.00,36533.10,Website,Cheque,Completed
S11659,ORD5558,2025-10-02,C2083,P1052,36,180.78,10,650.81,5857.27,Website,Cheque,Completed
S11660,ORD5558,2025-10-02,C2083,P1011,33,60.67,0,0.00,2002.11,Website,Cheque,Completed
S11661,ORD5558,2025-10-02,C2083,P1044,6,718.54,15,646.69,3664.55,Website,Cheque,Completed
S11662,ORD5559,2025-03-25,C2085,P1059,37,72.77,0,0.00,2692.49,Website,Credit Card,Cancelled
S11663,ORD5560,2024-08-21,C2061,P1013,4,431.88,0,0.00,1727.52,Site Visit / Contractor Order,UPI,Pending
S11664,ORD5560,2024-08-21,C2061,P1050,25,315.82,5,394.77,7500.73,Site Visit / Contractor Order,UPI,Pending
S11665,ORD5560,2024-08-21,C2061,P1010,35,43.54,0,0.00,1523.90,Site Visit / Contractor Order,UPI,Pending
S11666,ORD5560,2024-08-21,C2061,P1020,4,257.12,0,0.00,1028.48,Site Visit / Contractor Order,UPI,Pending
S11667,ORD5561,2025-09-21,C2054,P1040,2,10577.02,5,1057.70,20096.34,Showroom,Credit Card,Completed
S11668,ORD5561,2025-09-21,C2054,P1036,5,4892.01,0,0.00,24460.05,Showroom,Credit Card,Completed
S11669,ORD5561,2025-09-21,C2054,P1048,5,3312.78,0,0.00,16563.90,Showroom,Credit Card,Completed
S11670,ORD5561,2025-09-21,C2054,P1005,20,77.51,0,0.00,1550.20,Showroom,Credit Card,Completed
S11671,ORD5561,2025-09-21,C2054,P1024,1,353.21,0,0.00,353.21,Showroom,Credit Card,Completed
S11672,ORD5562,2024-01-09,C2076,P1045,6,2349.19,0,0.00,14095.14,Website,Bank Transfer,Cancelled
S11673,ORD5562,2024-01-09,C2076,P1020,6,257.12,10,154.27,1388.45,Website,Bank Transfer,Cancelled
S11674,ORD5563,2024-06-30,C2090,P1008,26,43.90,5,57.07,1084.33,Phone Order,Cash,Completed
S11675,ORD5563,2024-06-30,C2090,P1018,1,389.15,0,0.00,389.15,Phone Order,Bank Transfer,Completed
S11676,ORD5563,2024-06-30,C2090,P1040,6,10577.02,0,0.00,63462.12,Phone Order,Bank Transfer,Completed
S11677,ORD5563,2024-06-30,C2090,P1049,30,84.28,0,0.00,2528.40,Phone Order,Bank Transfer,Completed
S11678,ORD5563,2024-06-30,C2090,P1050,25,315.82,0,0.00,7895.50,Phone Order,Bank Transfer,Completed
S11679,ORD5564,2024-04-10,C2023,P1026,3,7306.62,5,1095.99,20823.87,Showroom,Cash,Completed
S11680,ORD5564,2024-04-10,C2023,P1021,2,479.49,0,0.00,958.98,Showroom,Cash,Completed
S11681,ORD5564,2024-04-10,C2023,P1022,4,550.30,10,220.12,1981.08,Showroom,Cash,Completed
S11682,ORD5565,2026-04-21,C2027,P1015,2,1318.46,15,395.54,2241.38,Site Visit / Contractor Order,Cheque,Completed
S11683,ORD5565,2026-04-21,C2027,P1061,18,35.53,0,0.00,639.54,Site Visit / Contractor Order,Cheque,Completed
S11684,ORD5565,2026-04-21,C2027,P1019,3,264.47,0,0.00,793.41,Site Visit / Contractor Order,Cheque,Completed
S11685,ORD5566,2024-03-25,C2038,P1028,3,9015.25,0,0.00,27045.75,Showroom,Cash,Completed
S11686,ORD5566,2024-03-25,C2038,P1045,2,2349.19,15,704.76,3993.62,Showroom,Cash,Completed
S11687,ORD5566,2024-03-25,C2038,P1037,2,11451.05,0,0.00,22902.10,Showroom,Cash,Completed
S11688,ORD5566,2024-03-25,C2038,P1005,23,77.51,15,267.41,1515.32,Showroom,Cash,Completed
S11689,ORD5567,2025-04-18,C2049,P1048,1,3312.78,0,0.00,3312.78,Site Visit / Contractor Order,Credit (30 days),Completed
S11690,ORD5568,2024-07-11,C2047,P1040,6,10577.02,0,0.00,63462.12,Showroom,Cheque,Returned
S11691,ORD5569,2026-07-11,C2021,P1032,1,8120.08,10,812.01,7308.07,Showroom,Cash,Pending
S11692,ORD5569,2026-07-11,C2021,P1039,4,17126.44,0,0.00,68505.76,Showroom,Cash,Pending
S11693,ORD5569,2026-07-11,C2021,P1061,14,35.53,0,0.00,497.42,Showroom,Cash,Pending
S11694,ORD5569,2026-07-11,C2021,P1052,3,180.78,15,81.35,460.99,Showroom,Cash,Pending
S11695,ORD5569,2026-07-11,C2021,P1015,2,1318.46,0,0.00,2636.92,Showroom,Cash,Pending
S11696,ORD5570,2024-09-30,C2011,P1040,4,10577.02,0,0.00,42308.08,Site Visit / Contractor Order,Credit Card,Returned
S11697,ORD5570,2024-09-30,C2011,P1059,1,72.77,10,7.28,65.49,Site Visit / Contractor Order,Credit Card,Returned
S11698,ORD5570,2024-09-30,C2011,P1060,33,129.76,0,0.00,4282.08,Site Visit / Contractor Order,Credit Card,Returned
S11699,ORD5570,2024-09-30,C2011,P1010,18,43.54,0,0.00,783.72,Site Visit / Contractor Order,Credit Card,Returned
S11700,ORD5570,2024-09-30,C2011,P1057,16,129.53,0,0.00,2072.48,Site Visit / Contractor Order,Credit Card,Returned
S11701,ORD5571,2024-02-01,C2088,P1010,28,43.54,0,0.00,1219.12,Phone Order,Credit Card,Completed
S11702,ORD5571,2024-02-01,C2088,P1021,6,479.49,0,0.00,2876.94,Phone Order,Credit Card,Completed
S11703,ORD5571,2024-02-01,C2088,P1027,6,9174.46,0,0.00,55046.76,Phone Order,Credit Card,Completed
S11704,ORD5571,2024-02-01,C2088,P1023,6,274.90,0,0.00,1649.40,Phone Order,Credit Card,Completed
S11705,ORD5572,2024-03-02,C2011,P1022,6,550.30,0,0.00,3301.80,Website,Credit Card,Completed
S11706,ORD5572,2024-03-02,C2011,P1019,5,264.47,15,198.35,1124.00,Website,Credit Card,Completed
S11707,ORD5573,2024-06-04,C2102,P1011,36,60.67,0,0.00,2184.12,Website,Credit Card,Returned
S11708,ORD5574,2026-03-31,C2028,P1012,23,51.71,0,0.00,1189.33,Site Visit / Contractor Order,UPI,Cancelled
S11709,ORD5574,2026-03-31,C2028,P1048,6,3312.78,0,0.00,19876.68,Site Visit / Contractor Order,UPI,Cancelled
S11710,ORD5574,2026-03-31,C2028,P1061,27,35.53,0,0.00,959.31,Site Visit / Contractor Order,UPI,Cancelled
S11711,ORD5575,2025-05-11,C2045,P1020,2,257.12,0,0.00,514.24,Website,Cash,Pending
S11712,ORD5575,2025-05-11,C2045,P1050,4,315.82,15,189.49,1073.79,Website,Cash,Pending
S11713,ORD5575,2025-05-11,C2045,P1046,5,3804.20,15,2853.15,16167.85,Website,Cash,Pending
S11714,ORD5575,2025-05-11,C2045,P1062,40,121.84,10,487.36,4386.24,Website,Cash,Pending
S11715,ORD5575,2025-05-11,C2045,P1043,4,3079.11,5,615.82,11700.62,Website,Cash,Pending
S11716,ORD5576,2025-12-27,C2020,P1035,4,9670.80,0,0.00,38683.20,Showroom,Debit Card,Completed
S11717,ORD5576,2025-12-27,C2020,P1048,4,3312.78,0,0.00,13251.12,Showroom,Debit Card,Completed
S11718,ORD5577,2025-03-26,C2033,P1052,1,180.78,0,0.00,180.78,Website,Credit (30 days),Completed
S11719,ORD5578,2025-06-14,C2114,P1054,7,177.02,0,0.00,1239.14,Website,Credit Card,Completed
S11720,ORD5579,2024-03-05,C2050,P1062,32,121.84,0,0.00,3898.88,Site Visit / Contractor Order,Credit Card,Completed
S11721,ORD5579,2024-03-05,C2050,P1041,3,3937.79,0,0.00,11813.37,Site Visit / Contractor Order,Credit Card,Completed
S11722,ORD5579,2024-03-05,C2050,P1013,4,431.88,0,0.00,1727.52,Site Visit / Contractor Order,Credit Card,Completed
S11723,ORD5579,2024-03-05,C2050,P1008,34,43.90,15,223.89,1268.71,Site Visit / Contractor Order,Credit Card,Completed
S11724,ORD5579,2024-03-05,C2050,P1025,1,613.26,0,0.00,613.26,Site Visit / Contractor Order,Credit Card,Completed
S11725,ORD5580,2025-02-01,C2108,P1057,34,129.53,0,0.00,4404.02,Showroom,Cheque,Completed
S11726,ORD5580,2025-02-01,C2108,P1058,1,123.88,10,12.39,111.49,Showroom,Cheque,Completed
S11727,ORD5580,2025-02-01,C2108,P1027,2,9174.46,0,0.00,18348.92,Showroom,Cheque,Completed
S11728,ORD5581,2024-06-25,C2036,P1052,33,180.78,15,894.86,5070.88,Site Visit / Contractor Order,Credit Card,Cancelled
S11729,ORD5581,2024-06-25,C2036,P1004,10,157.89,0,0.00,1578.90,Site Visit / Contractor Order,Credit Card,Cancelled
S11730,ORD5581,2024-06-25,C2036,P1039,6,17126.44,10,10275.86,92482.78,Site Visit / Contractor Order,Credit Card,Cancelled
S11731,ORD5582,2025-04-23,C2009,P1024,4,353.21,0,0.00,1412.84,Showroom,Credit Card,Returned
S11732,ORD5582,2025-04-23,C2009,P1018,2,389.15,0,0.00,778.30,Showroom,Credit Card,Returned
S11733,ORD5582,2025-04-23,C2009,P1048,2,3312.78,0,0.00,6625.56,Showroom,Credit Card,Returned
S11734,ORD5582,2025-04-23,C2009,P1031,5,5662.37,0,0.00,28311.85,Showroom,Credit Card,Returned
S11735,ORD5582,2025-04-23,C2009,P1053,3,214.82,0,0.00,644.46,Showroom,Credit Card,Returned
S11736,ORD5583,2025-03-30,C2119,P1042,1,16071.09,5,803.55,15267.54,Showroom,Credit (30 days),Completed
S11737,ORD5583,2025-03-30,C2119,P1030,2,4994.96,10,998.99,8990.93,Showroom,Credit (30 days),Completed
S11738,ORD5583,2025-03-30,C2119,P1034,3,2889.86,0,0.00,8669.58,Showroom,Credit (30 days),Completed
S11739,ORD5583,2025-03-30,C2119,P1036,3,4892.01,0,0.00,14676.03,Showroom,Credit (30 days),Completed
S11740,ORD5584,2024-08-16,C2090,P1051,32,188.54,10,603.33,5429.95,Phone Order,Credit Card,Completed
S11741,ORD5584,2024-08-16,C2090,P1008,18,43.90,15,118.53,671.67,Phone Order,Credit Card,Completed
S11742,ORD5584,2024-08-16,C2090,P1009,33,43.74,0,0.00,1443.42,Phone Order,Credit Card,Completed
S11743,ORD5584,2024-08-16,C2090,P1035,1,9670.80,0,0.00,9670.80,Phone Order,Credit Card,Completed
S11744,ORD5585,2026-04-11,C2043,P1017,2,736.61,5,73.66,1399.56,Showroom,Credit Card,Completed
S11745,ORD5585,2026-04-11,C2043,P1018,1,389.15,10,38.91,350.24,Showroom,Credit Card,Completed
S11746,ORD5585,2026-04-11,C2043,P1001,26,133.12,0,0.00,3461.12,Showroom,Credit Card,Completed
S11747,ORD5586,2025-06-24,C2097,P1013,5,431.88,10,215.94,1943.46,Phone Order,Cheque,Completed
S11748,ORD5586,2025-06-24,C2097,P1026,6,7306.62,0,0.00,43839.72,Phone Order,Cheque,Completed
S11749,ORD5586,2025-06-24,C2097,P1051,6,188.54,10,113.12,1018.12,Phone Order,Cheque,Completed
S11750,ORD5587,2026-05-21,C2008,P1057,15,129.53,0,0.00,1942.95,Showroom,UPI,Completed
S11751,ORD5588,2024-02-10,C2043,P1026,5,7306.62,5,1826.65,34706.45,Showroom,Credit (30 days),Pending
S11752,ORD5588,2024-02-10,C2043,P1015,5,1318.46,10,659.23,5933.07,Showroom,Credit (30 days),Pending
S11753,ORD5588,2024-02-10,C2043,P1020,6,257.12,15,231.41,1311.31,Showroom,Credit (30 days),Pending
S11754,ORD5588,2024-02-10,C2043,P1057,31,129.53,10,401.54,3613.89,Showroom,Credit (30 days),Pending
S11755,ORD5588,2024-02-10,C2043,P1036,4,4892.01,0,0.00,19568.04,Showroom,Credit (30 days),Pending
S11756,ORD5589,2025-04-29,C2094,P1030,1,4994.96,0,0.00,4994.96,Showroom,Credit (30 days),Completed
S11757,ORD5589,2025-04-29,C2094,P1033,4,2158.06,0,0.00,8632.24,Showroom,Credit (30 days),Completed
S11758,ORD5589,2025-04-29,C2094,P1036,5,4892.01,10,2446.01,22014.04,Showroom,Credit (30 days),Completed
S11759,ORD5590,2026-01-02,C2025,P1056,30,107.71,0,0.00,3231.30,Showroom,Cheque,Pending
S11760,ORD5591,2026-07-28,C2069,P1007,14,50.91,15,106.91,605.83,Site Visit / Contractor Order,Cheque,Completed
S11761,ORD5591,2026-07-28,C2069,P1031,4,5662.37,0,0.00,22649.48,Site Visit / Contractor Order,Cheque,Completed
S11762,ORD5591,2026-07-28,C2069,P1041,4,3937.79,5,787.56,14963.60,Site Visit / Contractor Order,Cheque,Completed
S11763,ORD5591,2026-07-28,C2069,P1062,10,121.84,0,0.00,1218.40,Site Visit / Contractor Order,Cheque,Completed
S11764,ORD5592,2024-08-24,C2067,P1048,4,3312.78,5,662.56,12588.56,Website,Bank Transfer,Completed
S11765,ORD5592,2024-08-24,C2067,P1024,5,353.21,0,0.00,1766.05,Website,Bank Transfer,Completed
S11766,ORD5592,2024-08-24,C2067,P1034,1,2889.86,5,144.49,2745.37,Website,Bank Transfer,Completed
S11767,ORD5593,2025-05-30,C2051,P1031,4,5662.37,15,3397.42,19252.06,Phone Order,Cheque,Returned
S11768,ORD5593,2025-05-30,C2051,P1019,3,264.47,15,119.01,674.40,Phone Order,Cheque,Returned
S11769,ORD5593,2025-05-30,C2051,P1012,29,51.71,15,224.94,1274.65,Phone Order,Cheque,Returned
S11770,ORD5593,2025-05-30,C2051,P1022,1,550.30,10,55.03,495.27,Phone Order,Cheque,Returned
S11771,ORD5593,2025-05-30,C2051,P1028,1,9015.25,15,1352.29,7662.96,Phone Order,Cash,Returned
S11772,ORD5594,2024-11-19,C2024,P1014,5,950.32,0,0.00,4751.60,Website,Cash,Cancelled
S11773,ORD5594,2024-11-19,C2024,P1021,6,479.49,10,287.69,2589.25,Website,Cash,Cancelled
S11774,ORD5595,2026-03-11,C2013,P1030,2,4994.96,10,998.99,8990.93,Phone Order,Cash,Pending
S11775,ORD5595,2026-03-11,C2013,P1002,28,122.29,10,342.41,3081.71,Phone Order,Credit Card,Pending
S11776,ORD5596,2025-11-29,C2109,P1012,6,51.71,0,0.00,310.26,Website,Cheque,Completed
S11777,ORD5597,2025-07-09,C2064,P1023,1,274.90,0,0.00,274.90,Showroom,Cash,Cancelled
S11778,ORD5597,2025-07-09,C2064,P1055,6,55.79,10,33.47,301.27,Showroom,Debit Card,Cancelled
S11779,ORD5597,2025-07-09,C2064,P1017,5,736.61,0,0.00,3683.05,Showroom,Debit Card,Cancelled
S11780,ORD5597,2025-07-09,C2064,P1045,6,2349.19,15,2114.27,11980.87,Showroom,Debit Card,Cancelled
S11781,ORD5598,2024-10-15,C2116,P1029,2,5539.10,0,0.00,11078.20,Site Visit / Contractor Order,Debit Card,Cancelled
S11782,ORD5598,2024-10-15,C2116,P1044,3,718.54,0,0.00,2155.62,Site Visit / Contractor Order,Debit Card,Cancelled
S11783,ORD5599,2026-06-01,C2111,P1036,3,4892.01,5,733.80,13942.23,Showroom,Credit Card,Pending
S11784,ORD5599,2026-06-01,C2111,P1007,26,50.91,0,0.00,1323.66,Showroom,Credit Card,Pending
S11785,ORD5599,2026-06-01,C2111,P1020,6,257.12,15,231.41,1311.31,Showroom,Credit Card,Pending
S11786,ORD5599,2026-06-01,C2111,P1002,40,122.29,0,0.00,4891.60,Showroom,Credit Card,Pending
S11787,ORD5599,2026-06-01,C2111,P1006,40,147.09,0,0.00,5883.60,Showroom,Credit Card,Pending
S11788,ORD5600,2024-11-23,C2025,P1009,21,43.74,0,0.00,918.54,Website,Cash,Completed
S11789,ORD5600,2024-11-23,C2025,P1044,5,718.54,0,0.00,3592.70,Website,Cash,Completed
S11790,ORD5601,2025-04-10,C2100,P1028,1,9015.25,0,0.00,9015.25,Showroom,Cash,Cancelled
S11791,ORD5601,2025-04-10,C2100,P1013,6,431.88,0,0.00,2591.28,Showroom,Cash,Cancelled
S11792,ORD5602,2025-10-20,C2029,P1009,13,43.74,15,85.29,483.33,Showroom,Bank Transfer,Returned
S11793,ORD5603,2024-07-02,C2090,P1028,2,9015.25,5,901.52,17128.98,Phone Order,Debit Card,Completed
S11794,ORD5603,2024-07-02,C2090,P1024,6,353.21,15,317.89,1801.37,Phone Order,Debit Card,Completed
S11795,ORD5604,2026-05-10,C2026,P1001,12,133.12,0,0.00,1597.44,Phone Order,Bank Transfer,Pending
S11796,ORD5604,2026-05-10,C2026,P1033,6,2158.06,0,0.00,12948.36,Phone Order,Bank Transfer,Pending
S11797,ORD5605,2025-04-12,C2076,P1028,2,9015.25,0,0.00,18030.50,Showroom,Credit (30 days),Pending
S11798,ORD5605,2025-04-12,C2076,P1050,10,315.82,0,0.00,3158.20,Showroom,Credit (30 days),Pending
S11799,ORD5605,2025-04-12,C2076,P1044,2,718.54,10,143.71,1293.37,Showroom,Credit (30 days),Pending
S11800,ORD5605,2025-04-12,C2076,P1063,23,112.97,0,0.00,2598.31,Showroom,Credit (30 days),Pending
S11801,ORD5606,2024-12-25,C2038,P1011,23,60.67,0,0.00,1395.41,Website,Credit Card,Cancelled
S11802,ORD5607,2025-12-10,C2082,P1056,27,107.71,0,0.00,2908.17,Website,UPI,Completed
S11803,ORD5607,2025-12-10,C2082,P1034,4,2889.86,0,0.00,11559.44,Website,UPI,Completed
S11804,ORD5607,2025-12-10,C2082,P1015,4,1318.46,0,0.00,5273.84,Website,UPI,Completed
S11805,ORD5607,2025-12-10,C2082,P1061,22,35.53,0,0.00,781.66,Website,UPI,Completed
S11806,ORD5607,2025-12-10,C2082,P1008,26,43.90,15,171.21,970.19,Website,UPI,Completed
S11807,ORD5608,2026-05-27,C2059,P1040,5,10577.02,0,0.00,52885.10,Showroom,Bank Transfer,Completed
S11808,ORD5608,2026-05-27,C2059,P1037,1,11451.05,5,572.55,10878.50,Showroom,Bank Transfer,Completed
S11809,ORD5608,2026-05-27,C2059,P1020,6,257.12,0,0.00,1542.72,Showroom,Cash,Completed
S11810,ORD5608,2026-05-27,C2059,P1012,16,51.71,5,41.37,785.99,Showroom,Bank Transfer,Completed
S11811,ORD5609,2026-02-02,C2073,P1010,17,43.54,0,0.00,740.18,Website,Cheque,Completed
S11812,ORD5609,2026-02-02,C2073,P1004,13,157.89,0,0.00,2052.57,Website,Cheque,Completed
S11813,ORD5609,2026-02-02,C2073,P1017,1,736.61,0,0.00,736.61,Website,Cheque,Completed
S11814,ORD5610,2024-08-13,C2001,P1061,4,35.53,0,0.00,142.12,Website,UPI,Completed
S11815,ORD5610,2024-08-13,C2001,P1035,2,9670.80,0,0.00,19341.60,Website,UPI,Completed
S11816,ORD5610,2024-08-13,C2001,P1062,15,121.84,0,0.00,1827.60,Website,UPI,Completed
S11817,ORD5610,2024-08-13,C2001,P1045,3,2349.19,10,704.76,6342.81,Website,UPI,Completed
S11818,ORD5611,2024-09-03,C2061,P1008,1,43.90,5,2.19,41.71,Website,Cheque,Returned
S11819,ORD5611,2024-09-03,C2061,P1043,3,3079.11,0,0.00,9237.33,Website,Cheque,Returned
S11820,ORD5611,2024-09-03,C2061,P1056,4,107.71,5,21.54,409.30,Website,Cheque,Returned
S11821,ORD5611,2024-09-03,C2061,P1011,6,60.67,15,54.60,309.42,Website,Cheque,Returned
S11822,ORD5612,2026-07-10,C2096,P1028,2,9015.25,0,0.00,18030.50,Phone Order,Credit Card,Completed
S11823,ORD5612,2026-07-10,C2096,P1052,1,180.78,10,18.08,162.70,Phone Order,Credit Card,Completed
S11824,ORD5613,2024-08-09,C2018,P1013,1,431.88,5,21.59,410.29,Phone Order,Bank Transfer,Completed
S11825,ORD5613,2024-08-09,C2018,P1006,9,147.09,0,0.00,1323.81,Phone Order,Bank Transfer,Completed
S11826,ORD5613,2024-08-09,C2018,P1042,1,16071.09,10,1607.11,14463.98,Phone Order,Bank Transfer,Completed
S11827,ORD5613,2024-08-09,C2018,P1063,18,112.97,0,0.00,2033.46,Phone Order,Bank Transfer,Completed
S11828,ORD5613,2024-08-09,C2018,P1049,3,84.28,10,25.28,227.56,Phone Order,Bank Transfer,Completed
S11829,ORD5614,2024-12-29,C2115,P1053,40,214.82,0,0.00,8592.80,Phone Order,Bank Transfer,Completed
S11830,ORD5614,2024-12-29,C2115,P1045,6,2349.19,0,0.00,14095.14,Phone Order,Bank Transfer,Completed
S11831,ORD5614,2024-12-29,C2115,P1006,24,147.09,0,0.00,3530.16,Phone Order,Bank Transfer,Completed
S11832,ORD5615,2025-07-16,C2089,P1035,5,9670.80,10,4835.40,43518.60,Website,UPI,Completed
S11833,ORD5616,2024-09-21,C2049,P1003,26,136.23,0,0.00,3541.98,Showroom,Credit Card,Completed
S11834,ORD5616,2024-09-21,C2049,P1014,5,950.32,0,0.00,4751.60,Showroom,Credit Card,Completed
S11835,ORD5616,2024-09-21,C2049,P1025,1,613.26,0,0.00,613.26,Showroom,Credit Card,Completed
S11836,ORD5616,2024-09-21,C2049,P1039,1,17126.44,15,2568.97,14557.47,Showroom,Credit Card,Completed
S11837,ORD5617,2026-08-01,C2041,P1043,1,3079.11,5,153.96,2925.15,Website,Bank Transfer,Completed
S11838,ORD5618,2024-11-12,C2072,P1024,6,353.21,0,0.00,2119.26,Site Visit / Contractor Order,Credit (30 days),Returned
S11839,ORD5618,2024-11-12,C2072,P1013,6,431.88,0,0.00,2591.28,Site Visit / Contractor Order,Credit (30 days),Returned
S11840,ORD5619,2026-06-23,C2074,P1062,18,121.84,10,219.31,1973.81,Showroom,UPI,Completed
S11841,ORD5620,2026-07-16,C2112,P1056,20,107.71,0,0.00,2154.20,Showroom,Credit Card,Cancelled
S11842,ORD5620,2026-07-16,C2112,P1024,1,353.21,0,0.00,353.21,Showroom,Credit Card,Cancelled
S11843,ORD5620,2026-07-16,C2112,P1004,19,157.89,0,0.00,2999.91,Showroom,Credit Card,Cancelled
S11844,ORD5620,2026-07-16,C2112,P1009,7,43.74,0,0.00,306.18,Showroom,Credit Card,Cancelled
S11845,ORD5621,2026-04-21,C2048,P1029,3,5539.10,0,0.00,16617.30,Website,Cheque,Returned
S11846,ORD5621,2026-04-21,C2048,P1061,15,35.53,0,0.00,532.95,Website,Cheque,Returned
S11847,ORD5621,2026-04-21,C2048,P1006,9,147.09,15,198.57,1125.24,Website,Cheque,Returned
S11848,ORD5622,2024-10-19,C2115,P1020,4,257.12,15,154.27,874.21,Showroom,Bank Transfer,Completed
S11849,ORD5622,2024-10-19,C2115,P1023,5,274.90,0,0.00,1374.50,Showroom,Bank Transfer,Completed
S11850,ORD5622,2024-10-19,C2115,P1014,4,950.32,15,570.19,3231.09,Showroom,Bank Transfer,Completed
S11851,ORD5623,2024-12-28,C2038,P1060,27,129.76,0,0.00,3503.52,Showroom,Bank Transfer,Cancelled
S11852,ORD5624,2025-07-14,C2067,P1061,11,35.53,0,0.00,390.83,Phone Order,Debit Card,Pending
S11853,ORD5624,2025-07-14,C2067,P1033,6,2158.06,15,1942.25,11006.11,Phone Order,Debit Card,Pending
S11854,ORD5624,2025-07-14,C2067,P1018,1,389.15,0,0.00,389.15,Phone Order,Debit Card,Pending
S11855,ORD5624,2025-07-14,C2067,P1030,2,4994.96,0,0.00,9989.92,Phone Order,Debit Card,Pending
S11856,ORD5625,2024-12-25,C2056,P1054,6,177.02,0,0.00,1062.12,Website,UPI,Completed
S11857,ORD5625,2024-12-25,C2056,P1053,17,214.82,5,182.60,3469.34,Website,UPI,Completed
S11858,ORD5625,2024-12-25,C2056,P1042,4,16071.09,0,0.00,64284.36,Website,UPI,Completed
S11859,ORD5626,2025-10-21,C2085,P1033,1,2158.06,0,0.00,2158.06,Showroom,Credit Card,Completed
S11860,ORD5626,2025-10-21,C2085,P1018,1,389.15,15,58.37,330.78,Showroom,Credit Card,Completed
S11861,ORD5627,2024-10-11,C2064,P1058,27,123.88,0,0.00,3344.76,Showroom,Bank Transfer,Completed
S11862,ORD5628,2026-05-24,C2088,P1010,17,43.54,0,0.00,740.18,Site Visit / Contractor Order,Bank Transfer,Completed
S11863,ORD5628,2026-05-24,C2088,P1060,31,129.76,0,0.00,4022.56,Site Visit / Contractor Order,Bank Transfer,Completed
S11864,ORD5628,2026-05-24,C2088,P1026,5,7306.62,5,1826.65,34706.45,Site Visit / Contractor Order,Bank Transfer,Completed
S11865,ORD5629,2024-02-17,C2067,P1031,2,5662.37,0,0.00,11324.74,Phone Order,Bank Transfer,Pending
S11866,ORD5629,2024-02-17,C2067,P1058,6,123.88,5,37.16,706.12,Phone Order,Bank Transfer,Pending
S11867,ORD5629,2024-02-17,C2067,P1020,4,257.12,0,0.00,1028.48,Phone Order,Bank Transfer,Pending
S11868,ORD5629,2024-02-17,C2067,P1015,1,1318.46,5,65.92,1252.54,Phone Order,Bank Transfer,Pending
S11869,ORD5630,2026-03-21,C2069,P1004,39,157.89,10,615.77,5541.94,Showroom,Credit Card,Completed
S11870,ORD5630,2026-03-21,C2069,P1030,5,4994.96,0,0.00,24974.80,Showroom,Credit Card,Completed
S11871,ORD5630,2026-03-21,C2069,P1028,3,9015.25,0,0.00,27045.75,Showroom,Credit Card,Completed
S11872,ORD5631,2025-05-07,C2117,P1059,12,72.77,5,43.66,829.58,Showroom,Bank Transfer,Completed
S11873,ORD5631,2025-05-07,C2117,P1062,8,121.84,0,0.00,974.72,Showroom,Bank Transfer,Completed
S11874,ORD5631,2025-05-07,C2117,P1032,1,8120.08,0,0.00,8120.08,Showroom,Bank Transfer,Completed
S11875,ORD5631,2025-05-07,C2117,P1033,4,2158.06,5,431.61,8200.63,Showroom,Bank Transfer,Completed
S11876,ORD5631,2025-05-07,C2117,P1043,6,3079.11,0,0.00,18474.66,Showroom,Bank Transfer,Completed
S11877,ORD5632,2025-06-28,C2059,P1004,27,157.89,10,426.30,3836.73,Website,Cash,Pending
S11878,ORD5632,2025-06-28,C2059,P1020,4,257.12,0,0.00,1028.48,Website,Cash,Pending
S11879,ORD5632,2025-06-28,C2059,P1011,4,60.67,5,12.13,230.55,Website,Cash,Pending
S11880,ORD5633,2025-05-19,C2029,P1003,7,136.23,10,95.36,858.25,Website,Cheque,Completed
S11881,ORD5633,2025-05-19,C2029,P1050,30,315.82,15,1421.19,8053.41,Website,Cheque,Completed
S11882,ORD5633,2025-05-19,C2029,P1045,3,2349.19,15,1057.14,5990.43,Website,Cheque,Completed
S11883,ORD5633,2025-05-19,C2029,P1011,33,60.67,0,0.00,2002.11,Website,Cheque,Completed
S11884,ORD5633,2025-05-19,C2029,P1039,3,17126.44,15,7706.90,43672.42,Website,Cheque,Completed
S11885,ORD5634,2026-06-24,C2029,P1046,1,3804.20,0,0.00,3804.20,Phone Order,Credit Card,Pending
S11886,ORD5634,2026-06-24,C2029,P1011,7,60.67,0,0.00,424.69,Phone Order,Credit Card,Pending
S11887,ORD5634,2026-06-24,C2029,P1003,11,136.23,10,149.85,1348.68,Phone Order,Credit Card,Pending
S11888,ORD5634,2026-06-24,C2029,P1023,4,274.90,10,109.96,989.64,Phone Order,Credit Card,Pending
S11889,ORD5634,2026-06-24,C2029,P1063,39,112.97,5,220.29,4185.54,Phone Order,Credit Card,Pending
S11890,ORD5635,2026-01-08,C2090,P1055,19,55.79,5,53.00,1007.01,Phone Order,Cheque,Completed
S11891,ORD5635,2026-01-08,C2090,P1045,1,2349.19,15,352.38,1996.81,Phone Order,Cheque,Completed
S11892,ORD5635,2026-01-08,C2090,P1042,5,16071.09,0,0.00,80355.45,Phone Order,Cheque,Completed
S11893,ORD5636,2025-05-03,C2091,P1035,5,9670.80,0,0.00,48354.00,Website,Bank Transfer,Cancelled
S11894,ORD5636,2025-05-03,C2091,P1009,34,43.74,15,223.07,1264.09,Website,Bank Transfer,Cancelled
S11895,ORD5636,2025-05-03,C2091,P1059,29,72.77,5,105.52,2004.81,Website,Bank Transfer,Cancelled
S11896,ORD5636,2025-05-03,C2091,P1053,27,214.82,15,870.02,4930.12,Website,Bank Transfer,Cancelled
S11897,ORD5637,2026-07-31,C2019,P1019,4,264.47,10,105.79,952.09,Site Visit / Contractor Order,Cash,Pending
S11898,ORD5637,2026-07-31,C2019,P1033,4,2158.06,0,0.00,8632.24,Site Visit / Contractor Order,Cash,Pending
S11899,ORD5637,2026-07-31,C2019,P1034,3,2889.86,0,0.00,8669.58,Site Visit / Contractor Order,Cash,Pending
S11900,ORD5638,2024-07-08,C2043,P1027,6,9174.46,5,2752.34,52294.42,Website,Bank Transfer,Completed
S11901,ORD5638,2024-07-08,C2043,P1013,5,431.88,0,0.00,2159.40,Website,Bank Transfer,Completed
S11902,ORD5638,2024-07-08,C2043,P1035,2,9670.80,0,0.00,19341.60,Website,Bank Transfer,Completed
S11903,ORD5638,2024-07-08,C2043,P1033,3,2158.06,10,647.42,5826.76,Website,Bank Transfer,Completed
S11904,ORD5639,2026-05-26,C2004,P1049,21,84.28,0,0.00,1769.88,Phone Order,Credit (30 days),Cancelled
S11905,ORD5639,2026-05-26,C2004,P1008,9,43.90,5,19.75,375.35,Phone Order,Credit (30 days),Cancelled
S11906,ORD5639,2026-05-26,C2004,P1022,5,550.30,0,0.00,2751.50,Phone Order,Credit (30 days),Cancelled
S11907,ORD5640,2024-09-30,C2002,P1057,8,129.53,0,0.00,1036.24,Site Visit / Contractor Order,Bank Transfer,Returned
S11908,ORD5640,2024-09-30,C2002,P1037,1,11451.05,0,0.00,11451.05,Site Visit / Contractor Order,Bank Transfer,Returned
S11909,ORD5640,2024-09-30,C2002,P1015,3,1318.46,0,0.00,3955.38,Site Visit / Contractor Order,Bank Transfer,Returned
S11910,ORD5640,2024-09-30,C2002,P1042,1,16071.09,0,0.00,16071.09,Site Visit / Contractor Order,Bank Transfer,Returned
S11911,ORD5641,2024-02-21,C2105,P1012,33,51.71,5,85.32,1621.11,Phone Order,Debit Card,Completed
S11912,ORD5641,2024-02-21,C2105,P1009,32,43.74,0,0.00,1399.68,Phone Order,Debit Card,Completed
S11913,ORD5642,2025-09-26,C2024,P1046,6,3804.20,0,0.00,22825.20,Site Visit / Contractor Order,Cheque,Cancelled
S11914,ORD5643,2025-10-22,C2029,P1031,2,5662.37,0,0.00,11324.74,Website,Debit Card,Completed
S11915,ORD5643,2025-10-22,C2029,P1020,5,257.12,0,0.00,1285.60,Website,Debit Card,Completed
S11916,ORD5644,2026-03-06,C2001,P1033,1,2158.06,0,0.00,2158.06,Website,Debit Card,Completed
S11917,ORD5644,2026-03-06,C2001,P1054,32,177.02,0,0.00,5664.64,Website,Debit Card,Completed
S11918,ORD5644,2026-03-06,C2001,P1001,34,133.12,0,0.00,4526.08,Website,Debit Card,Completed
S11919,ORD5644,2026-03-06,C2001,P1041,3,3937.79,15,1772.01,10041.36,Website,Debit Card,Completed
S11920,ORD5645,2025-06-02,C2081,P1048,1,3312.78,10,331.28,2981.50,Showroom,Debit Card,Cancelled
S11921,ORD5646,2026-09-03,C2037,P1053,4,214.82,10,85.93,773.35,Site Visit / Contractor Order,Cheque,Completed
S11922,ORD5646,2026-09-03,C2037,P1042,1,16071.09,0,0.00,16071.09,Site Visit / Contractor Order,Cheque,Completed
S11923,ORD5647,2025-09-13,C2015,P1050,23,315.82,15,1089.58,6174.28,Website,Cheque,Returned
S11924,ORD5647,2025-09-13,C2015,P1014,3,950.32,0,0.00,2850.96,Website,Cheque,Returned
S11925,ORD5647,2025-09-13,C2015,P1046,1,3804.20,0,0.00,3804.20,Website,Cheque,Returned
S11926,ORD5648,2026-01-10,C2058,P1047,2,2185.83,5,218.58,4153.08,Phone Order,Debit Card,Returned
S11927,ORD5649,2024-05-12,C2097,P1035,4,9670.80,0,0.00,38683.20,Phone Order,UPI,Completed
S11928,ORD5649,2024-05-12,C2097,P1019,3,264.47,0,0.00,793.41,Phone Order,UPI,Completed
S11929,ORD5649,2024-05-12,C2097,P1047,4,2185.83,5,437.17,8306.15,Phone Order,UPI,Completed
S11930,ORD5649,2024-05-12,C2097,P1010,3,43.54,15,19.59,111.03,Phone Order,UPI,Completed
S11931,ORD5650,2025-04-10,C2112,P1040,6,10577.02,15,9519.32,53942.80,Phone Order,Cheque,Cancelled
S11932,ORD5651,2026-05-31,C2068,P1003,4,136.23,0,0.00,544.92,Website,Credit (30 days),Pending
S11933,ORD5651,2026-05-31,C2068,P1002,10,122.29,15,183.44,1039.46,Website,Credit (30 days),Pending
S11934,ORD5651,2026-05-31,C2068,P1028,1,9015.25,15,1352.29,7662.96,Website,Credit (30 days),Pending
S11935,ORD5652,2024-10-17,C2054,P1050,3,315.82,0,0.00,947.46,Site Visit / Contractor Order,Debit Card,Returned
S11936,ORD5652,2024-10-17,C2054,P1029,5,5539.10,0,0.00,27695.50,Site Visit / Contractor Order,Debit Card,Returned
S11937,ORD5652,2024-10-17,C2054,P1014,2,950.32,0,0.00,1900.64,Site Visit / Contractor Order,Debit Card,Returned
S11938,ORD5652,2024-10-17,C2054,P1019,3,264.47,15,119.01,674.40,Site Visit / Contractor Order,Debit Card,Returned
S11939,ORD5652,2024-10-17,C2054,P1017,5,736.61,0,0.00,3683.05,Site Visit / Contractor Order,Debit Card,Returned
S11940,ORD5653,2024-06-07,C2120,P1029,5,5539.10,15,4154.32,23541.18,Site Visit / Contractor Order,UPI,Completed
S11941,ORD5653,2024-06-07,C2120,P1008,21,43.90,0,0.00,921.90,Site Visit / Contractor Order,UPI,Completed
S11942,ORD5653,2024-06-07,C2120,P1060,28,129.76,0,0.00,3633.28,Site Visit / Contractor Order,UPI,Completed
S11943,ORD5653,2024-06-07,C2120,P1039,3,17126.44,5,2568.97,48810.35,Site Visit / Contractor Order,UPI,Completed
S11944,ORD5653,2024-06-07,C2120,P1015,2,1318.46,0,0.00,2636.92,Site Visit / Contractor Order,UPI,Completed
S11945,ORD5654,2024-11-24,C2116,P1062,18,121.84,15,328.97,1864.15,Site Visit / Contractor Order,Credit (30 days),Pending
S11946,ORD5654,2024-11-24,C2116,P1025,2,613.26,5,61.33,1165.19,Site Visit / Contractor Order,Credit (30 days),Pending
S11947,ORD5654,2024-11-24,C2116,P1013,5,431.88,10,215.94,1943.46,Site Visit / Contractor Order,Credit (30 days),Pending
S11948,ORD5654,2024-11-24,C2116,P1027,4,9174.46,0,0.00,36697.84,Site Visit / Contractor Order,Credit (30 days),Pending
S11949,ORD5655,2025-12-27,C2012,P1051,24,188.54,5,226.25,4298.71,Showroom,Credit Card,Completed
S11950,ORD5655,2025-12-27,C2012,P1021,2,479.49,0,0.00,958.98,Showroom,Credit Card,Completed
S11951,ORD5655,2025-12-27,C2012,P1003,21,136.23,0,0.00,2860.83,Showroom,Credit Card,Completed
S11952,ORD5655,2025-12-27,C2012,P1029,2,5539.10,0,0.00,11078.20,Showroom,Credit Card,Completed
S11953,ORD5656,2025-02-23,C2111,P1014,5,950.32,0,0.00,4751.60,Website,Bank Transfer,Pending
S11954,ORD5656,2025-02-23,C2111,P1059,24,72.77,0,0.00,1746.48,Website,Bank Transfer,Pending
S11955,ORD5656,2025-02-23,C2111,P1011,28,60.67,10,169.88,1528.88,Website,Bank Transfer,Pending
S11956,ORD5656,2025-02-23,C2111,P1001,30,133.12,15,599.04,3394.56,Website,Bank Transfer,Pending
S11957,ORD5656,2025-02-23,C2111,P1023,1,274.90,10,27.49,247.41,Website,Bank Transfer,Pending
S11958,ORD5657,2025-06-08,C2105,P1005,40,77.51,10,310.04,2790.36,Showroom,Bank Transfer,Completed
S11959,ORD5657,2025-06-08,C2105,P1015,3,1318.46,0,0.00,3955.38,Showroom,Bank Transfer,Completed
S11960,ORD5657,2025-06-08,C2105,P1002,28,122.29,15,513.62,2910.50,Showroom,Bank Transfer,Completed
S11961,ORD5658,2024-11-06,C2069,P1019,6,264.47,0,0.00,1586.82,Site Visit / Contractor Order,UPI,Completed
S11962,ORD5658,2024-11-06,C2069,P1005,36,77.51,0,0.00,2790.36,Site Visit / Contractor Order,UPI,Completed
S11963,ORD5658,2024-11-06,C2069,P1037,3,11451.05,5,1717.66,32635.49,Site Visit / Contractor Order,UPI,Completed
S11964,ORD5658,2024-11-06,C2069,P1017,3,736.61,0,0.00,2209.83,Site Visit / Contractor Order,UPI,Completed
S11965,ORD5658,2024-11-06,C2069,P1033,5,2158.06,0,0.00,10790.30,Site Visit / Contractor Order,UPI,Completed
S11966,ORD5659,2025-08-24,C2082,P1040,6,10577.02,5,3173.11,60289.01,Phone Order,Bank Transfer,Returned
S11967,ORD5659,2025-08-24,C2082,P1002,27,122.29,0,0.00,3301.83,Phone Order,Bank Transfer,Returned
S11968,ORD5659,2025-08-24,C2082,P1045,6,2349.19,5,704.76,13390.38,Phone Order,Bank Transfer,Returned
S11969,ORD5659,2025-08-24,C2082,P1019,3,264.47,0,0.00,793.41,Phone Order,Bank Transfer,Returned
S11970,ORD5659,2025-08-24,C2082,P1015,5,1318.46,0,0.00,6592.30,Phone Order,Bank Transfer,Returned
S11971,ORD5660,2025-03-20,C2069,P1027,6,9174.46,15,8257.01,46789.75,Showroom,Cash,Returned
S11972,ORD5660,2025-03-20,C2069,P1033,5,2158.06,5,539.51,10250.79,Showroom,Cash,Returned
S11973,ORD5660,2025-03-20,C2069,P1035,6,9670.80,0,0.00,58024.80,Showroom,Cash,Returned
S11974,ORD5661,2024-09-12,C2109,P1001,5,133.12,0,0.00,665.60,Showroom,Credit Card,Completed
S11975,ORD5662,2025-10-29,C2023,P1020,2,257.12,0,0.00,514.24,Site Visit / Contractor Order,Credit (30 days),Pending
S11976,ORD5663,2024-08-02,C2076,P1043,6,3079.11,0,0.00,18474.66,Phone Order,UPI,Completed
S11977,ORD5663,2024-08-02,C2076,P1048,6,3312.78,0,0.00,19876.68,Phone Order,UPI,Completed
S11978,ORD5663,2024-08-02,C2076,P1054,22,177.02,0,0.00,3894.44,Phone Order,UPI,Completed
S11979,ORD5663,2024-08-02,C2076,P1061,10,35.53,0,0.00,355.30,Phone Order,UPI,Completed
S11980,ORD5663,2024-08-02,C2076,P1018,5,389.15,0,0.00,1945.75,Phone Order,UPI,Completed
S11981,ORD5664,2026-08-28,C2082,P1043,3,3079.11,15,1385.60,7851.73,Website,Credit (30 days),Cancelled
S11982,ORD5664,2026-08-28,C2082,P1027,5,9174.46,0,0.00,45872.30,Website,Credit (30 days),Cancelled
S11983,ORD5665,2026-04-21,C2056,P1022,5,550.30,10,275.15,2476.35,Site Visit / Contractor Order,Credit Card,Completed
S11984,ORD5665,2026-04-21,C2056,P1041,3,3937.79,0,0.00,11813.37,Site Visit / Contractor Order,Credit Card,Completed
S11985,ORD5665,2026-04-21,C2056,P1050,14,315.82,15,663.22,3758.26,Site Visit / Contractor Order,Credit Card,Completed
S11986,ORD5666,2024-01-20,C2067,P1020,4,257.12,0,0.00,1028.48,Website,UPI,Completed
S11987,ORD5666,2024-01-20,C2067,P1028,4,9015.25,0,0.00,36061.00,Website,UPI,Completed
S11988,ORD5666,2024-01-20,C2067,P1001,5,133.12,0,0.00,665.60,Website,UPI,Completed
S11989,ORD5667,2025-10-12,C2086,P1063,31,112.97,0,0.00,3502.07,Showroom,Credit (30 days),Completed
S11990,ORD5667,2025-10-12,C2086,P1029,1,5539.10,0,0.00,5539.10,Showroom,Credit (30 days),Completed
S11991,ORD5667,2025-10-12,C2086,P1047,6,2185.83,15,1967.25,11147.73,Showroom,Credit (30 days),Completed
S11992,ORD5668,2026-02-05,C2054,P1012,40,51.71,0,0.00,2068.40,Website,Credit (30 days),Completed
S11993,ORD5668,2026-02-05,C2054,P1035,3,9670.80,0,0.00,29012.40,Website,Credit (30 days),Completed
S11994,ORD5668,2026-02-05,C2054,P1020,5,257.12,15,192.84,1092.76,Website,Credit (30 days),Completed
S11995,ORD5668,2026-02-05,C2054,P1033,1,2158.06,5,107.90,2050.16,Website,Credit (30 days),Completed
S11996,ORD5669,2025-06-30,C2033,P1010,9,43.54,0,0.00,391.86,Site Visit / Contractor Order,Debit Card,Completed
S11997,ORD5670,2025-02-24,C2071,P1033,3,2158.06,10,647.42,5826.76,Phone Order,Debit Card,Completed
S11998,ORD5671,2026-03-15,C2028,P1062,40,121.84,15,731.04,4142.56,Phone Order,UPI,Completed
S11999,ORD5672,2025-01-17,C2071,P1062,37,121.84,0,0.00,4508.08,Phone Order,Credit Card,Completed
S12000,ORD5672,2025-01-17,C2071,P1048,4,3312.78,15,1987.67,11263.45,Phone Order,Credit Card,Completed
S12001,ORD5672,2025-01-17,C2071,P1058,16,123.88,15,297.31,1684.77,Phone Order,Credit Card,Completed
S12002,ORD5673,2025-03-28,C2119,P1054,21,177.02,15,557.61,3159.81,Website,Credit Card,Returned
S12003,ORD5673,2025-03-28,C2119,P1051,1,188.54,0,0.00,188.54,Website,Credit Card,Returned
S12004,ORD5674,2025-03-20,C2068,P1053,21,214.82,0,0.00,4511.22,Phone Order,Debit Card,Completed
S12005,ORD5674,2025-03-20,C2068,P1063,20,112.97,0,0.00,2259.40,Phone Order,Debit Card,Completed
S12006,ORD5674,2025-03-20,C2068,P1036,4,4892.01,10,1956.80,17611.24,Phone Order,Debit Card,Completed
S12007,ORD5675,2025-05-09,C2071,P1025,2,613.26,0,0.00,1226.52,Phone Order,UPI,Completed
S12008,ORD5676,2026-01-24,C2068,P1031,4,5662.37,15,3397.42,19252.06,Phone Order,Bank Transfer,Completed
S12009,ORD5676,2026-01-24,C2068,P1019,6,264.47,0,0.00,1586.82,Phone Order,Bank Transfer,Completed
S12010,ORD5676,2026-01-24,C2068,P1039,2,17126.44,0,0.00,34252.88,Phone Order,Bank Transfer,Completed
S12011,ORD5677,2026-01-23,C2097,P1009,8,43.74,0,0.00,349.92,Showroom,Credit Card,Completed
S12012,ORD5677,2026-01-23,C2097,P1049,27,84.28,0,0.00,2275.56,Showroom,Credit Card,Completed
S12013,ORD5677,2026-01-23,C2097,P1010,37,43.54,5,80.55,1530.43,Showroom,Credit Card,Completed
S12014,ORD5678,2024-06-29,C2084,P1043,1,3079.11,0,0.00,3079.11,Phone Order,Credit (30 days),Completed
S12015,ORD5678,2024-06-29,C2084,P1052,4,180.78,0,0.00,723.12,Phone Order,Credit (30 days),Completed
S12016,ORD5678,2024-06-29,C2084,P1063,4,112.97,0,0.00,451.88,Phone Order,Credit (30 days),Completed
S12017,ORD5678,2024-06-29,C2084,P1009,35,43.74,0,0.00,1530.90,Phone Order,Credit (30 days),Completed
S12018,ORD5678,2024-06-29,C2084,P1045,6,2349.19,0,0.00,14095.14,Phone Order,Credit (30 days),Completed
S12019,ORD5679,2025-05-22,C2040,P1009,30,43.74,0,0.00,1312.20,Showroom,Cash,Returned
S12020,ORD5680,2024-03-25,C2004,P1026,4,7306.62,0,0.00,29226.48,Site Visit / Contractor Order,Bank Transfer,Completed
S12021,ORD5680,2024-03-25,C2004,P1012,34,51.71,0,0.00,1758.14,Site Visit / Contractor Order,Bank Transfer,Completed
S12022,ORD5680,2024-03-25,C2004,P1050,3,315.82,0,0.00,947.46,Site Visit / Contractor Order,Bank Transfer,Completed
S12023,ORD5681,2025-09-16,C2073,P1023,4,274.90,0,0.00,1099.60,Phone Order,Cash,Returned
S12024,ORD5682,2024-03-30,C2062,P1053,10,214.82,0,0.00,2148.20,Site Visit / Contractor Order,Bank Transfer,Cancelled
S12025,ORD5682,2024-03-30,C2062,P1001,26,133.12,0,0.00,3461.12,Site Visit / Contractor Order,Bank Transfer,Cancelled
S12026,ORD5682,2024-03-30,C2062,P1017,6,736.61,0,0.00,4419.66,Site Visit / Contractor Order,Bank Transfer,Cancelled
S12027,ORD5683,2025-07-04,C2086,P1063,11,112.97,5,62.13,1180.54,Phone Order,Bank Transfer,Pending
S12028,ORD5683,2025-07-04,C2086,P1052,38,180.78,10,686.96,6182.68,Phone Order,Bank Transfer,Pending
S12029,ORD5683,2025-07-04,C2086,P1058,3,123.88,0,0.00,371.64,Phone Order,Bank Transfer,Pending
S12030,ORD5683,2025-07-04,C2086,P1057,39,129.53,0,0.00,5051.67,Phone Order,Bank Transfer,Pending
S12031,ORD5683,2025-07-04,C2086,P1043,6,3079.11,5,923.73,17550.93,Phone Order,Bank Transfer,Pending
S12032,ORD5684,2025-06-16,C2043,P1041,1,3937.79,0,0.00,3937.79,Phone Order,Cash,Completed
S12033,ORD5684,2025-06-16,C2043,P1030,5,4994.96,15,3746.22,21228.58,Phone Order,Cash,Completed
S12034,ORD5685,2024-05-03,C2100,P1038,1,17932.15,0,0.00,17932.15,Showroom,Credit Card,Completed
S12035,ORD5685,2024-05-03,C2100,P1011,22,60.67,0,0.00,1334.74,Showroom,Credit Card,Completed
S12036,ORD5686,2024-05-25,C2100,P1034,4,2889.86,0,0.00,11559.44,Site Visit / Contractor Order,Bank Transfer,Completed
S12037,ORD5686,2024-05-25,C2100,P1040,5,10577.02,0,0.00,52885.10,Site Visit / Contractor Order,Bank Transfer,Completed
S12038,ORD5686,2024-05-25,C2100,P1002,38,122.29,0,0.00,4647.02,Site Visit / Contractor Order,Bank Transfer,Completed
S12039,ORD5686,2024-05-25,C2100,P1044,3,718.54,15,323.34,1832.28,Site Visit / Contractor Order,Bank Transfer,Completed
S12040,ORD5687,2026-08-10,C2009,P1020,2,257.12,0,0.00,514.24,Site Visit / Contractor Order,Credit Card,Returned
S12041,ORD5687,2026-08-10,C2009,P1039,4,17126.44,0,0.00,68505.76,Site Visit / Contractor Order,Credit Card,Returned
S12042,ORD5687,2026-08-10,C2009,P1017,4,736.61,10,294.64,2651.80,Site Visit / Contractor Order,Credit Card,Returned
S12043,ORD5687,2026-08-10,C2009,P1062,14,121.84,0,0.00,1705.76,Site Visit / Contractor Order,Credit Card,Returned
S12044,ORD5688,2026-09-02,C2011,P1045,1,2349.19,0,0.00,2349.19,Website,Cash,Pending
S12045,ORD5688,2026-09-02,C2011,P1054,24,177.02,0,0.00,4248.48,Website,Cash,Pending
S12046,ORD5689,2025-12-15,C2040,P1059,17,72.77,5,61.85,1175.24,Site Visit / Contractor Order,Debit Card,Completed
S12047,ORD5689,2025-12-15,C2040,P1055,39,55.79,10,217.58,1958.23,Site Visit / Contractor Order,Debit Card,Completed
S12048,ORD5689,2025-12-15,C2040,P1048,5,3312.78,0,0.00,16563.90,Site Visit / Contractor Order,Debit Card,Completed
S12049,ORD5690,2024-02-16,C2077,P1012,11,51.71,0,0.00,568.81,Site Visit / Contractor Order,UPI,Returned
S12050,ORD5690,2024-02-16,C2077,P1061,29,35.53,0,0.00,1030.37,Site Visit / Contractor Order,UPI,Returned
S12051,ORD5690,2024-02-16,C2077,P1060,18,129.76,0,0.00,2335.68,Site Visit / Contractor Order,UPI,Returned
S12052,ORD5690,2024-02-16,C2077,P1054,40,177.02,0,0.00,7080.80,Site Visit / Contractor Order,UPI,Returned
S12053,ORD5690,2024-02-16,C2077,P1036,2,4892.01,0,0.00,9784.02,Site Visit / Contractor Order,UPI,Returned
S12054,ORD5691,2026-01-20,C2033,P1018,5,389.15,5,97.29,1848.46,Phone Order,Bank Transfer,Completed
S12055,ORD5691,2026-01-20,C2033,P1038,5,17932.15,10,8966.08,80694.67,Phone Order,Bank Transfer,Completed
S12056,ORD5691,2026-01-20,C2033,P1055,1,55.79,0,0.00,55.79,Phone Order,Bank Transfer,Completed
S12057,ORD5691,2026-01-20,C2033,P1033,6,2158.06,0,0.00,12948.36,Phone Order,Bank Transfer,Completed
S12058,ORD5692,2026-03-27,C2087,P1032,5,8120.08,5,2030.02,38570.38,Website,UPI,Completed
S12059,ORD5692,2026-03-27,C2087,P1059,12,72.77,15,130.99,742.25,Website,UPI,Completed
S12060,ORD5692,2026-03-27,C2087,P1031,2,5662.37,0,0.00,11324.74,Website,UPI,Completed
S12061,ORD5692,2026-03-27,C2087,P1026,2,7306.62,0,0.00,14613.24,Website,UPI,Completed
S12062,ORD5692,2026-03-27,C2087,P1045,5,2349.19,0,0.00,11745.95,Website,UPI,Completed
S12063,ORD5693,2025-11-03,C2107,P1042,2,16071.09,5,1607.11,30535.07,Phone Order,Cash,Cancelled
S12064,ORD5693,2025-11-03,C2107,P1010,18,43.54,0,0.00,783.72,Phone Order,UPI,Cancelled
S12065,ORD5693,2025-11-03,C2107,P1039,5,17126.44,15,12844.83,72787.37,Phone Order,UPI,Cancelled
S12066,ORD5693,2025-11-03,C2107,P1038,3,17932.15,10,5379.65,48416.80,Phone Order,UPI,Cancelled
S12067,ORD5693,2025-11-03,C2107,P1061,38,35.53,5,67.51,1282.63,Phone Order,UPI,Cancelled
S12068,ORD5694,2026-08-02,C2103,P1017,1,736.61,0,0.00,736.61,Showroom,Cash,Completed
S12069,ORD5694,2026-08-02,C2103,P1060,23,129.76,0,0.00,2984.48,Showroom,Cash,Completed
S12070,ORD5694,2026-08-02,C2103,P1018,1,389.15,0,0.00,389.15,Showroom,Cash,Completed
S12071,ORD5694,2026-08-02,C2103,P1014,6,950.32,5,285.10,5416.82,Showroom,Cash,Completed
S12072,ORD5695,2024-03-30,C2002,P1063,9,112.97,10,101.67,915.06,Showroom,UPI,Completed
S12073,ORD5695,2024-03-30,C2002,P1045,5,2349.19,0,0.00,11745.95,Showroom,UPI,Completed
S12074,ORD5695,2024-03-30,C2002,P1004,2,157.89,0,0.00,315.78,Showroom,UPI,Completed
S12075,ORD5695,2024-03-30,C2002,P1022,4,550.30,15,330.18,1871.02,Showroom,UPI,Completed
S12076,ORD5695,2024-03-30,C2002,P1037,2,11451.05,0,0.00,22902.10,Showroom,UPI,Completed
S12077,ORD5696,2026-03-23,C2035,P1001,36,133.12,0,0.00,4792.32,Website,Cash,Returned
S12078,ORD5697,2025-09-26,C2035,P1022,6,550.30,5,165.09,3136.71,Website,Credit (30 days),Completed
S12079,ORD5697,2025-09-26,C2035,P1030,2,4994.96,0,0.00,9989.92,Website,Credit (30 days),Completed
S12080,ORD5697,2025-09-26,C2035,P1004,31,157.89,0,0.00,4894.59,Website,Credit (30 days),Completed
S12081,ORD5697,2025-09-26,C2035,P1056,16,107.71,0,0.00,1723.36,Website,Credit (30 days),Completed
S12082,ORD5698,2024-05-11,C2040,P1034,4,2889.86,0,0.00,11559.44,Website,Debit Card,Pending
S12083,ORD5698,2024-05-11,C2040,P1026,3,7306.62,5,1095.99,20823.87,Website,Debit Card,Pending
S12084,ORD5698,2024-05-11,C2040,P1004,13,157.89,5,102.63,1949.94,Website,Debit Card,Pending
S12085,ORD5698,2024-05-11,C2040,P1049,4,84.28,0,0.00,337.12,Website,Debit Card,Pending
S12086,ORD5699,2024-02-06,C2109,P1027,2,9174.46,5,917.45,17431.47,Showroom,Cheque,Pending
S12087,ORD5700,2024-06-08,C2021,P1006,27,147.09,0,0.00,3971.43,Website,Credit (30 days),Completed
S12088,ORD5700,2024-06-08,C2021,P1009,40,43.74,5,87.48,1662.12,Website,Credit (30 days),Completed
S12089,ORD5701,2026-07-05,C2036,P1056,32,107.71,0,0.00,3446.72,Site Visit / Contractor Order,Bank Transfer,Completed
S12090,ORD5702,2024-04-11,C2019,P1063,25,112.97,0,0.00,2824.25,Website,Credit Card,Pending
S12091,ORD5702,2024-04-11,C2019,P1016,1,1091.69,0,0.00,1091.69,Website,Credit Card,Pending
S12092,ORD5702,2024-04-11,C2019,P1032,4,8120.08,0,0.00,32480.32,Website,Credit Card,Pending
S12093,ORD5702,2024-04-11,C2019,P1053,35,214.82,0,0.00,7518.70,Website,Credit Card,Pending
S12094,ORD5703,2026-01-19,C2027,P1001,40,133.12,0,0.00,5324.80,Phone Order,Credit Card,Completed
S12095,ORD5704,2024-06-18,C2107,P1003,7,136.23,5,47.68,905.93,Phone Order,Debit Card,Completed
S12096,ORD5704,2024-06-18,C2107,P1026,4,7306.62,10,2922.65,26303.83,Phone Order,Debit Card,Completed
S12097,ORD5704,2024-06-18,C2107,P1007,14,50.91,0,0.00,712.74,Phone Order,Debit Card,Completed
S12098,ORD5705,2025-02-23,C2028,P1062,9,121.84,0,0.00,1096.56,Website,Credit (30 days),Completed
S12099,ORD5705,2025-02-23,C2028,P1050,16,315.82,0,0.00,5053.12,Website,Credit (30 days),Completed
S12100,ORD5705,2025-02-23,C2028,P1016,2,1091.69,0,0.00,2183.38,Website,Credit (30 days),Completed
S12101,ORD5705,2025-02-23,C2028,P1030,4,4994.96,0,0.00,19979.84,Website,Credit (30 days),Completed
S12102,ORD5705,2025-02-23,C2028,P1027,1,9174.46,15,1376.17,7798.29,Website,Credit (30 days),Completed
S12103,ORD5706,2026-07-06,C2081,P1056,6,107.71,10,64.63,581.63,Website,UPI,Cancelled
S12104,ORD5707,2024-11-29,C2021,P1042,6,16071.09,0,0.00,96426.54,Showroom,Credit (30 days),Pending
S12105,ORD5707,2024-11-29,C2021,P1036,6,4892.01,0,0.00,29352.06,Showroom,Credit (30 days),Pending
S12106,ORD5707,2024-11-29,C2021,P1004,5,157.89,5,39.47,749.98,Showroom,Credit (30 days),Pending
S12107,ORD5707,2024-11-29,C2021,P1046,6,3804.20,0,0.00,22825.20,Showroom,Credit (30 days),Pending
S12108,ORD5707,2024-11-29,C2021,P1039,1,17126.44,0,0.00,17126.44,Showroom,Credit (30 days),Pending
S12109,ORD5708,2024-08-27,C2118,P1016,1,1091.69,10,109.17,982.52,Showroom,Bank Transfer,Completed
S12110,ORD5709,2024-05-02,C2063,P1032,4,8120.08,0,0.00,32480.32,Site Visit / Contractor Order,Bank Transfer,Completed
S12111,ORD5709,2024-05-02,C2063,P1056,30,107.71,0,0.00,3231.30,Site Visit / Contractor Order,Bank Transfer,Completed
S12112,ORD5709,2024-05-02,C2063,P1034,1,2889.86,0,0.00,2889.86,Site Visit / Contractor Order,Bank Transfer,Completed
S12113,ORD5710,2025-06-22,C2120,P1041,1,3937.79,5,196.89,3740.90,Website,Credit (30 days),Completed
S12114,ORD5710,2025-06-22,C2120,P1007,31,50.91,0,0.00,1578.21,Website,Credit (30 days),Completed
S12115,ORD5710,2025-06-22,C2120,P1050,11,315.82,10,347.40,3126.62,Website,Credit (30 days),Completed
S12116,ORD5711,2025-05-27,C2098,P1030,6,4994.96,0,0.00,29969.76,Website,Bank Transfer,Completed
S12117,ORD5711,2025-05-27,C2098,P1006,17,147.09,0,0.00,2500.53,Website,Bank Transfer,Completed
S12118,ORD5711,2025-05-27,C2098,P1017,5,736.61,5,184.15,3498.90,Website,Bank Transfer,Completed
S12119,ORD5711,2025-05-27,C2098,P1023,1,274.90,0,0.00,274.90,Website,Bank Transfer,Completed
S12120,ORD5711,2025-05-27,C2098,P1021,1,479.49,0,0.00,479.49,Website,Bank Transfer,Completed
S12121,ORD5712,2026-03-07,C2055,P1011,3,60.67,15,27.30,154.71,Phone Order,Bank Transfer,Cancelled
S12122,ORD5712,2026-03-07,C2055,P1027,2,9174.46,5,917.45,17431.47,Phone Order,Bank Transfer,Cancelled
S12123,ORD5712,2026-03-07,C2055,P1058,36,123.88,15,668.95,3790.73,Phone Order,Bank Transfer,Cancelled
S12124,ORD5712,2026-03-07,C2055,P1028,6,9015.25,0,0.00,54091.50,Phone Order,Bank Transfer,Cancelled
S12125,ORD5713,2024-01-14,C2115,P1028,6,9015.25,0,0.00,54091.50,Showroom,Cash,Completed
S12126,ORD5713,2024-01-14,C2115,P1018,3,389.15,0,0.00,1167.45,Showroom,Cash,Completed
S12127,ORD5713,2024-01-14,C2115,P1056,11,107.71,0,0.00,1184.81,Showroom,Cash,Completed
S12128,ORD5714,2025-01-05,C2077,P1001,22,133.12,15,439.30,2489.34,Site Visit / Contractor Order,UPI,Returned
S12129,ORD5714,2025-01-05,C2077,P1059,20,72.77,0,0.00,1455.40,Site Visit / Contractor Order,UPI,Returned
S12130,ORD5714,2025-01-05,C2077,P1040,1,10577.02,10,1057.70,9519.32,Site Visit / Contractor Order,UPI,Returned
S12131,ORD5715,2025-04-19,C2097,P1005,29,77.51,15,337.17,1910.62,Website,Cash,Cancelled
S12132,ORD5716,2024-10-27,C2053,P1028,6,9015.25,0,0.00,54091.50,Phone Order,Cash,Returned
S12133,ORD5716,2024-10-27,C2053,P1021,4,479.49,0,0.00,1917.96,Phone Order,Cash,Returned
S12134,ORD5716,2024-10-27,C2053,P1060,5,129.76,0,0.00,648.80,Phone Order,Cash,Returned
S12135,ORD5716,2024-10-27,C2053,P1009,21,43.74,0,0.00,918.54,Phone Order,Cash,Returned
S12136,ORD5716,2024-10-27,C2053,P1015,3,1318.46,10,395.54,3559.84,Phone Order,Cash,Returned
S12137,ORD5717,2024-09-27,C2114,P1063,29,112.97,0,0.00,3276.13,Site Visit / Contractor Order,Cash,Completed
S12138,ORD5717,2024-09-27,C2114,P1053,26,214.82,5,279.27,5306.05,Site Visit / Contractor Order,Cash,Completed
S12139,ORD5717,2024-09-27,C2114,P1037,4,11451.05,0,0.00,45804.20,Site Visit / Contractor Order,Cash,Completed
S12140,ORD5717,2024-09-27,C2114,P1052,25,180.78,0,0.00,4519.50,Site Visit / Contractor Order,Cash,Completed
S12141,ORD5718,2024-07-08,C2024,P1062,37,121.84,0,0.00,4508.08,Showroom,Credit (30 days),Completed
S12142,ORD5718,2024-07-08,C2024,P1009,10,43.74,0,0.00,437.40,Showroom,Credit (30 days),Completed
S12143,ORD5718,2024-07-08,C2024,P1028,4,9015.25,15,5409.15,30651.85,Showroom,Credit (30 days),Completed
S12144,ORD5718,2024-07-08,C2024,P1014,5,950.32,0,0.00,4751.60,Showroom,Credit (30 days),Completed
S12145,ORD5719,2024-07-19,C2092,P1011,21,60.67,0,0.00,1274.07,Website,Cash,Returned
S12146,ORD5719,2024-07-19,C2092,P1016,2,1091.69,0,0.00,2183.38,Website,Credit (30 days),Returned
S12147,ORD5719,2024-07-19,C2092,P1010,1,43.54,10,4.35,39.19,Website,Credit (30 days),Returned
S12148,ORD5720,2025-06-27,C2069,P1031,3,5662.37,0,0.00,16987.11,Site Visit / Contractor Order,Credit Card,Completed
S12149,ORD5720,2025-06-27,C2069,P1048,1,3312.78,0,0.00,3312.78,Site Visit / Contractor Order,Credit Card,Completed
S12150,ORD5720,2025-06-27,C2069,P1050,34,315.82,0,0.00,10737.88,Site Visit / Contractor Order,Credit Card,Completed
S12151,ORD5720,2025-06-27,C2069,P1036,6,4892.01,0,0.00,29352.06,Site Visit / Contractor Order,Credit Card,Completed
S12152,ORD5720,2025-06-27,C2069,P1056,24,107.71,0,0.00,2585.04,Site Visit / Contractor Order,Credit Card,Completed
S12153,ORD5721,2026-06-10,C2118,P1013,6,431.88,0,0.00,2591.28,Phone Order,UPI,Returned
S12154,ORD5722,2025-02-27,C2019,P1060,38,129.76,0,0.00,4930.88,Showroom,Cheque,Completed
S12155,ORD5722,2025-02-27,C2019,P1027,2,9174.46,0,0.00,18348.92,Showroom,Cheque,Completed
S12156,ORD5722,2025-02-27,C2019,P1024,5,353.21,0,0.00,1766.05,Showroom,Cheque,Completed
S12157,ORD5722,2025-02-27,C2019,P1022,3,550.30,15,247.63,1403.27,Showroom,Cheque,Completed
S12158,ORD5722,2025-02-27,C2019,P1001,35,133.12,0,0.00,4659.20,Showroom,Cheque,Completed
S12159,ORD5723,2024-03-10,C2119,P1035,4,9670.80,10,3868.32,34814.88,Website,Cheque,Completed
S12160,ORD5723,2024-03-10,C2119,P1001,3,133.12,0,0.00,399.36,Website,Cheque,Completed
S12161,ORD5723,2024-03-10,C2119,P1060,5,129.76,5,32.44,616.36,Website,Cheque,Completed
S12162,ORD5723,2024-03-10,C2119,P1053,19,214.82,0,0.00,4081.58,Website,Cheque,Completed
S12163,ORD5724,2024-05-01,C2116,P1034,3,2889.86,0,0.00,8669.58,Site Visit / Contractor Order,UPI,Completed
S12164,ORD5724,2024-05-01,C2116,P1061,18,35.53,10,63.95,575.59,Site Visit / Contractor Order,UPI,Completed
S12165,ORD5724,2024-05-01,C2116,P1028,3,9015.25,0,0.00,27045.75,Site Visit / Contractor Order,UPI,Completed
S12166,ORD5725,2025-01-13,C2056,P1046,5,3804.20,0,0.00,19021.00,Showroom,Credit (30 days),Cancelled
S12167,ORD5725,2025-01-13,C2056,P1014,6,950.32,10,570.19,5131.73,Showroom,Credit (30 days),Cancelled
S12168,ORD5725,2025-01-13,C2056,P1011,37,60.67,0,0.00,2244.79,Showroom,Credit (30 days),Cancelled
S12169,ORD5725,2025-01-13,C2056,P1024,6,353.21,10,211.93,1907.33,Showroom,Credit (30 days),Cancelled
S12170,ORD5725,2025-01-13,C2056,P1033,2,2158.06,0,0.00,4316.12,Showroom,Credit (30 days),Cancelled
S12171,ORD5726,2024-11-06,C2068,P1045,2,2349.19,0,0.00,4698.38,Website,Credit Card,Returned
S12172,ORD5726,2024-11-06,C2068,P1042,6,16071.09,0,0.00,96426.54,Website,Cash,Returned
S12173,ORD5726,2024-11-06,C2068,P1029,2,5539.10,5,553.91,10524.29,Website,Credit Card,Returned
S12174,ORD5727,2025-04-10,C2067,P1022,3,550.30,5,82.55,1568.35,Showroom,Bank Transfer,Cancelled
S12175,ORD5727,2025-04-10,C2067,P1054,9,177.02,0,0.00,1593.18,Showroom,Bank Transfer,Cancelled
S12176,ORD5727,2025-04-10,C2067,P1033,4,2158.06,10,863.22,7769.02,Showroom,Bank Transfer,Cancelled
S12177,ORD5727,2025-04-10,C2067,P1035,3,9670.80,15,4351.86,24660.54,Showroom,Bank Transfer,Cancelled
S12178,ORD5728,2024-05-28,C2060,P1007,29,50.91,0,0.00,1476.39,Website,UPI,Cancelled
S12179,ORD5729,2025-02-22,C2073,P1037,2,11451.05,0,0.00,22902.10,Site Visit / Contractor Order,Debit Card,Completed
S12180,ORD5729,2025-02-22,C2073,P1024,4,353.21,0,0.00,1412.84,Site Visit / Contractor Order,Debit Card,Completed
S12181,ORD5730,2024-05-08,C2100,P1044,2,718.54,0,0.00,1437.08,Site Visit / Contractor Order,Credit (30 days),Completed
S12182,ORD5731,2026-07-17,C2002,P1024,2,353.21,0,0.00,706.42,Website,Debit Card,Cancelled
S12183,ORD5731,2026-07-17,C2002,P1015,6,1318.46,10,791.08,7119.68,Website,Debit Card,Cancelled
S12184,ORD5731,2026-07-17,C2002,P1003,40,136.23,0,0.00,5449.20,Website,Debit Card,Cancelled
S12185,ORD5732,2024-06-17,C2073,P1022,5,550.30,5,137.57,2613.93,Phone Order,Bank Transfer,Pending
S12186,ORD5733,2026-05-01,C2064,P1006,20,147.09,10,294.18,2647.62,Site Visit / Contractor Order,Cash,Completed
S12187,ORD5733,2026-05-01,C2064,P1061,36,35.53,10,127.91,1151.17,Site Visit / Contractor Order,Cash,Completed
S12188,ORD5733,2026-05-01,C2064,P1003,34,136.23,0,0.00,4631.82,Site Visit / Contractor Order,Cash,Completed
S12189,ORD5733,2026-05-01,C2064,P1007,2,50.91,0,0.00,101.82,Site Visit / Contractor Order,Cash,Completed
S12190,ORD5733,2026-05-01,C2064,P1059,37,72.77,0,0.00,2692.49,Site Visit / Contractor Order,Cash,Completed
S12191,ORD5734,2024-02-01,C2023,P1032,3,8120.08,0,0.00,24360.24,Phone Order,Bank Transfer,Completed
S12192,ORD5734,2024-02-01,C2023,P1025,4,613.26,0,0.00,2453.04,Phone Order,Bank Transfer,Completed
S12193,ORD5734,2024-02-01,C2023,P1063,24,112.97,10,271.13,2440.15,Phone Order,Bank Transfer,Completed
S12194,ORD5734,2024-02-01,C2023,P1018,2,389.15,0,0.00,778.30,Phone Order,Bank Transfer,Completed
S12195,ORD5735,2026-08-20,C2032,P1018,1,389.15,5,19.46,369.69,Showroom,Debit Card,Completed
S12196,ORD5735,2026-08-20,C2032,P1036,2,4892.01,0,0.00,9784.02,Showroom,Debit Card,Completed
S12197,ORD5736,2025-08-18,C2044,P1050,26,315.82,15,1231.70,6979.62,Site Visit / Contractor Order,Cheque,Pending
S12198,ORD5736,2025-08-18,C2044,P1062,24,121.84,10,292.42,2631.74,Site Visit / Contractor Order,Cheque,Pending
S12199,ORD5736,2025-08-18,C2044,P1055,38,55.79,15,318.00,1802.02,Site Visit / Contractor Order,Cheque,Pending
S12200,ORD5736,2025-08-18,C2044,P1046,4,3804.20,0,0.00,15216.80,Site Visit / Contractor Order,Cheque,Pending
S12201,ORD5736,2025-08-18,C2044,P1031,5,5662.37,0,0.00,28311.85,Site Visit / Contractor Order,Cheque,Pending
S12202,ORD5737,2025-12-04,C2069,P1032,2,8120.08,0,0.00,16240.16,Showroom,Cheque,Pending
S12203,ORD5737,2025-12-04,C2069,P1028,6,9015.25,10,5409.15,48682.35,Showroom,Cheque,Pending
S12204,ORD5737,2025-12-04,C2069,P1011,21,60.67,0,0.00,1274.07,Showroom,Cheque,Pending
S12205,ORD5738,2026-04-20,C2042,P1003,33,136.23,0,0.00,4495.59,Website,Bank Transfer,Completed
S12206,ORD5738,2026-04-20,C2042,P1002,30,122.29,0,0.00,3668.70,Website,Bank Transfer,Completed
S12207,ORD5738,2026-04-20,C2042,P1041,4,3937.79,0,0.00,15751.16,Website,Bank Transfer,Completed
S12208,ORD5738,2026-04-20,C2042,P1039,4,17126.44,10,6850.58,61655.18,Website,Bank Transfer,Completed
S12209,ORD5738,2026-04-20,C2042,P1046,4,3804.20,15,2282.52,12934.28,Website,Bank Transfer,Completed
S12210,ORD5739,2026-01-07,C2109,P1022,5,550.30,15,412.73,2338.77,Phone Order,Debit Card,Completed
S12211,ORD5739,2026-01-07,C2109,P1059,14,72.77,10,101.88,916.90,Phone Order,Debit Card,Completed
S12212,ORD5739,2026-01-07,C2109,P1035,4,9670.80,0,0.00,38683.20,Phone Order,Debit Card,Completed
S12213,ORD5739,2026-01-07,C2109,P1008,7,43.90,0,0.00,307.30,Phone Order,Debit Card,Completed
S12214,ORD5739,2026-01-07,C2109,P1003,3,136.23,0,0.00,408.69,Phone Order,Debit Card,Completed
S12215,ORD5740,2026-09-06,C2020,P1020,1,257.12,0,0.00,257.12,Site Visit / Contractor Order,UPI,Completed
S12216,ORD5740,2026-09-06,C2020,P1016,1,1091.69,0,0.00,1091.69,Site Visit / Contractor Order,UPI,Completed
S12217,ORD5741,2025-12-20,C2079,P1046,5,3804.20,5,951.05,18069.95,Site Visit / Contractor Order,Bank Transfer,Cancelled
S12218,ORD5741,2025-12-20,C2079,P1043,3,3079.11,0,0.00,9237.33,Site Visit / Contractor Order,Bank Transfer,Cancelled
S12219,ORD5741,2025-12-20,C2079,P1014,1,950.32,0,0.00,950.32,Site Visit / Contractor Order,Bank Transfer,Cancelled
S12220,ORD5741,2025-12-20,C2079,P1031,5,5662.37,0,0.00,28311.85,Site Visit / Contractor Order,Bank Transfer,Cancelled
S12221,ORD5741,2025-12-20,C2079,P1008,21,43.90,15,138.28,783.62,Site Visit / Contractor Order,Bank Transfer,Cancelled
S12222,ORD5742,2026-02-01,C2016,P1013,6,431.88,10,259.13,2332.15,Site Visit / Contractor Order,Cheque,Completed
S12223,ORD5742,2026-02-01,C2016,P1038,4,17932.15,5,3586.43,68142.17,Site Visit / Contractor Order,Cheque,Completed
S12224,ORD5742,2026-02-01,C2016,P1042,1,16071.09,0,0.00,16071.09,Site Visit / Contractor Order,Cheque,Completed
S12225,ORD5742,2026-02-01,C2016,P1009,35,43.74,0,0.00,1530.90,Site Visit / Contractor Order,Cheque,Completed
S12226,ORD5743,2025-08-21,C2060,P1025,5,613.26,0,0.00,3066.30,Site Visit / Contractor Order,Cash,Completed
S12227,ORD5743,2025-08-21,C2060,P1035,1,9670.80,0,0.00,9670.80,Site Visit / Contractor Order,Cash,Completed
S12228,ORD5744,2024-12-19,C2007,P1054,35,177.02,0,0.00,6195.70,Website,Credit (30 days),Cancelled
S12229,ORD5744,2024-12-19,C2007,P1004,10,157.89,10,157.89,1421.01,Website,Credit (30 days),Cancelled
S12230,ORD5744,2024-12-19,C2007,P1008,10,43.90,15,65.85,373.15,Website,Credit (30 days),Cancelled
S12231,ORD5744,2024-12-19,C2007,P1028,3,9015.25,0,0.00,27045.75,Website,Credit (30 days),Cancelled
S12232,ORD5744,2024-12-19,C2007,P1010,22,43.54,0,0.00,957.88,Website,Credit (30 days),Cancelled
S12233,ORD5745,2026-03-26,C2022,P1015,4,1318.46,0,0.00,5273.84,Showroom,Bank Transfer,Completed
S12234,ORD5745,2026-03-26,C2022,P1026,4,7306.62,0,0.00,29226.48,Showroom,Bank Transfer,Completed
S12235,ORD5745,2026-03-26,C2022,P1047,4,2185.83,0,0.00,8743.32,Showroom,Bank Transfer,Completed
S12236,ORD5745,2026-03-26,C2022,P1019,5,264.47,0,0.00,1322.35,Showroom,Bank Transfer,Completed
S12237,ORD5746,2025-12-10,C2047,P1050,6,315.82,15,284.24,1610.68,Showroom,Cash,Completed
S12238,ORD5746,2025-12-10,C2047,P1018,6,389.15,5,116.75,2218.15,Showroom,Cash,Completed
S12239,ORD5746,2025-12-10,C2047,P1017,2,736.61,0,0.00,1473.22,Showroom,Cash,Completed
S12240,ORD5746,2025-12-10,C2047,P1051,24,188.54,0,0.00,4524.96,Showroom,Cash,Completed
S12241,ORD5747,2026-04-10,C2101,P1030,2,4994.96,0,0.00,9989.92,Site Visit / Contractor Order,Cheque,Completed
S12242,ORD5747,2026-04-10,C2101,P1017,3,736.61,0,0.00,2209.83,Site Visit / Contractor Order,Cheque,Completed
S12243,ORD5747,2026-04-10,C2101,P1061,36,35.53,0,0.00,1279.08,Site Visit / Contractor Order,Cheque,Completed
S12244,ORD5748,2024-08-24,C2086,P1038,3,17932.15,0,0.00,53796.45,Phone Order,Cheque,Completed
S12245,ORD5748,2024-08-24,C2086,P1008,40,43.90,0,0.00,1756.00,Phone Order,Cheque,Completed
S12246,ORD5748,2024-08-24,C2086,P1016,2,1091.69,15,327.51,1855.87,Phone Order,Cheque,Completed
S12247,ORD5748,2024-08-24,C2086,P1026,2,7306.62,0,0.00,14613.24,Phone Order,Cheque,Completed
S12248,ORD5749,2024-07-05,C2038,P1005,38,77.51,0,0.00,2945.38,Website,Credit Card,Returned
S12249,ORD5749,2024-07-05,C2038,P1050,16,315.82,0,0.00,5053.12,Website,Credit Card,Returned
S12250,ORD5749,2024-07-05,C2038,P1049,1,84.28,0,0.00,84.28,Website,Credit Card,Returned
S12251,ORD5749,2024-07-05,C2038,P1052,4,180.78,0,0.00,723.12,Website,Credit Card,Returned
S12252,ORD5749,2024-07-05,C2038,P1043,1,3079.11,5,153.96,2925.15,Website,Credit Card,Returned
S12253,ORD5750,2024-04-24,C2086,P1003,14,136.23,10,190.72,1716.50,Showroom,Credit (30 days),Completed
S12254,ORD5750,2024-04-24,C2086,P1008,26,43.90,0,0.00,1141.40,Showroom,Credit (30 days),Completed
S12255,ORD5750,2024-04-24,C2086,P1049,36,84.28,0,0.00,3034.08,Showroom,Credit (30 days),Completed
S12256,ORD5750,2024-04-24,C2086,P1023,6,274.90,0,0.00,1649.40,Showroom,Credit (30 days),Completed
S12257,ORD5750,2024-04-24,C2086,P1040,1,10577.02,15,1586.55,8990.47,Showroom,Credit (30 days),Completed
S12258,ORD5751,2024-06-03,C2117,P1032,5,8120.08,0,0.00,40600.40,Website,Cash,Completed
S12259,ORD5752,2025-01-30,C2101,P1036,1,4892.01,0,0.00,4892.01,Website,Cash,Completed
S12260,ORD5753,2024-08-12,C2035,P1008,16,43.90,5,35.12,667.28,Site Visit / Contractor Order,Cheque,Cancelled
S12261,ORD5753,2024-08-12,C2035,P1009,22,43.74,0,0.00,962.28,Site Visit / Contractor Order,Cheque,Cancelled
S12262,ORD5753,2024-08-12,C2035,P1039,4,17126.44,0,0.00,68505.76,Site Visit / Contractor Order,Cheque,Cancelled
S12263,ORD5753,2024-08-12,C2035,P1046,2,3804.20,0,0.00,7608.40,Site Visit / Contractor Order,Cheque,Cancelled
S12264,ORD5753,2024-08-12,C2035,P1058,14,123.88,0,0.00,1734.32,Site Visit / Contractor Order,Cheque,Cancelled
S12265,ORD5754,2025-06-02,C2084,P1048,1,3312.78,5,165.64,3147.14,Website,Bank Transfer,Pending
S12266,ORD5754,2025-06-02,C2084,P1006,15,147.09,15,330.95,1875.40,Website,Bank Transfer,Pending
S12267,ORD5754,2025-06-02,C2084,P1039,5,17126.44,10,8563.22,77068.98,Website,Bank Transfer,Pending
S12268,ORD5754,2025-06-02,C2084,P1055,15,55.79,0,0.00,836.85,Website,Bank Transfer,Pending
S12269,ORD5754,2025-06-02,C2084,P1037,2,11451.05,0,0.00,22902.10,Website,Bank Transfer,Pending
S12270,ORD5755,2024-07-31,C2059,P1050,16,315.82,10,505.31,4547.81,Phone Order,UPI,Completed
S12271,ORD5755,2024-07-31,C2059,P1020,5,257.12,0,0.00,1285.60,Phone Order,UPI,Completed
S12272,ORD5755,2024-07-31,C2059,P1036,1,4892.01,0,0.00,4892.01,Phone Order,UPI,Completed
S12273,ORD5755,2024-07-31,C2059,P1057,27,129.53,5,174.87,3322.44,Phone Order,UPI,Completed
S12274,ORD5756,2026-04-23,C2090,P1018,3,389.15,10,116.75,1050.70,Phone Order,Bank Transfer,Returned
S12275,ORD5756,2026-04-23,C2090,P1011,31,60.67,0,0.00,1880.77,Phone Order,Bank Transfer,Returned
S12276,ORD5756,2026-04-23,C2090,P1022,5,550.30,0,0.00,2751.50,Phone Order,Bank Transfer,Returned
S12277,ORD5756,2026-04-23,C2090,P1025,6,613.26,0,0.00,3679.56,Phone Order,Bank Transfer,Returned
S12278,ORD5756,2026-04-23,C2090,P1030,3,4994.96,10,1498.49,13486.39,Phone Order,Bank Transfer,Returned
S12279,ORD5757,2024-10-23,C2054,P1043,3,3079.11,0,0.00,9237.33,Phone Order,Credit Card,Returned
S12280,ORD5757,2024-10-23,C2054,P1028,3,9015.25,10,2704.57,24341.18,Phone Order,Credit Card,Returned
S12281,ORD5757,2024-10-23,C2054,P1045,4,2349.19,0,0.00,9396.76,Phone Order,Credit Card,Returned
S12282,ORD5757,2024-10-23,C2054,P1024,1,353.21,0,0.00,353.21,Phone Order,Credit Card,Returned
S12283,ORD5758,2024-12-15,C2038,P1052,15,180.78,10,271.17,2440.53,Phone Order,Credit (30 days),Completed
S12284,ORD5759,2024-01-18,C2067,P1059,24,72.77,10,174.65,1571.83,Website,Bank Transfer,Cancelled
S12285,ORD5759,2024-01-18,C2067,P1024,2,353.21,0,0.00,706.42,Website,Bank Transfer,Cancelled
S12286,ORD5759,2024-01-18,C2067,P1042,6,16071.09,0,0.00,96426.54,Website,Bank Transfer,Cancelled
S12287,ORD5759,2024-01-18,C2067,P1001,25,133.12,0,0.00,3328.00,Website,Bank Transfer,Cancelled
S12288,ORD5760,2024-02-05,C2018,P1054,27,177.02,0,0.00,4779.54,Showroom,Credit Card,Cancelled
S12289,ORD5760,2024-02-05,C2018,P1014,3,950.32,0,0.00,2850.96,Showroom,Credit Card,Cancelled
S12290,ORD5761,2025-12-18,C2028,P1036,2,4892.01,0,0.00,9784.02,Site Visit / Contractor Order,Bank Transfer,Completed
S12291,ORD5761,2025-12-18,C2028,P1023,5,274.90,0,0.00,1374.50,Site Visit / Contractor Order,Bank Transfer,Completed
S12292,ORD5761,2025-12-18,C2028,P1033,1,2158.06,0,0.00,2158.06,Site Visit / Contractor Order,Bank Transfer,Completed
S12293,ORD5762,2025-01-12,C2011,P1034,5,2889.86,5,722.47,13726.83,Showroom,Debit Card,Cancelled
S12294,ORD5762,2025-01-12,C2011,P1012,12,51.71,0,0.00,620.52,Showroom,Debit Card,Cancelled
S12295,ORD5762,2025-01-12,C2011,P1032,1,8120.08,5,406.00,7714.08,Showroom,Debit Card,Cancelled
S12296,ORD5762,2025-01-12,C2011,P1043,1,3079.11,0,0.00,3079.11,Showroom,Debit Card,Cancelled
S12297,ORD5762,2025-01-12,C2011,P1028,3,9015.25,0,0.00,27045.75,Showroom,Debit Card,Cancelled
S12298,ORD5763,2024-01-15,C2049,P1052,17,180.78,0,0.00,3073.26,Site Visit / Contractor Order,Cheque,Completed
S12299,ORD5763,2024-01-15,C2049,P1054,40,177.02,5,354.04,6726.76,Site Visit / Contractor Order,Cheque,Completed
S12300,ORD5763,2024-01-15,C2049,P1034,6,2889.86,15,2600.87,14738.29,Site Visit / Contractor Order,Cheque,Completed
S12301,ORD5763,2024-01-15,C2049,P1061,6,35.53,0,0.00,213.18,Site Visit / Contractor Order,Cheque,Completed
S12302,ORD5764,2024-03-16,C2065,P1052,11,180.78,10,198.86,1789.72,Showroom,Debit Card,Completed
S12303,ORD5764,2024-03-16,C2065,P1046,5,3804.20,15,2853.15,16167.85,Showroom,Debit Card,Completed
S12304,ORD5764,2024-03-16,C2065,P1061,30,35.53,0,0.00,1065.90,Showroom,Debit Card,Completed
S12305,ORD5765,2025-01-01,C2118,P1037,5,11451.05,15,8588.29,48666.96,Website,Credit Card,Completed
S12306,ORD5765,2025-01-01,C2118,P1039,6,17126.44,0,0.00,102758.64,Website,Credit Card,Completed
S12307,ORD5765,2025-01-01,C2118,P1008,14,43.90,5,30.73,583.87,Website,Credit Card,Completed
S12308,ORD5765,2025-01-01,C2118,P1050,33,315.82,15,1563.31,8858.75,Website,Credit Card,Completed
S12309,ORD5765,2025-01-01,C2118,P1029,1,5539.10,15,830.87,4708.23,Website,Credit Card,Completed
S12310,ORD5766,2025-08-02,C2086,P1029,2,5539.10,0,0.00,11078.20,Website,Credit (30 days),Cancelled
S12311,ORD5767,2026-01-20,C2010,P1001,31,133.12,0,0.00,4126.72,Site Visit / Contractor Order,Debit Card,Pending
S12312,ORD5767,2026-01-20,C2010,P1035,5,9670.80,15,7253.10,41100.90,Site Visit / Contractor Order,Debit Card,Pending
S12313,ORD5767,2026-01-20,C2010,P1021,6,479.49,5,143.85,2733.09,Site Visit / Contractor Order,Debit Card,Pending
S12314,ORD5768,2025-11-12,C2063,P1031,6,5662.37,5,1698.71,32275.51,Showroom,Credit Card,Pending
S12315,ORD5768,2025-11-12,C2063,P1041,5,3937.79,0,0.00,19688.95,Showroom,Credit Card,Pending
S12316,ORD5769,2026-07-13,C2019,P1052,26,180.78,0,0.00,4700.28,Site Visit / Contractor Order,Cash,Completed
S12317,ORD5769,2026-07-13,C2019,P1011,3,60.67,0,0.00,182.01,Site Visit / Contractor Order,Credit (30 days),Completed
S12318,ORD5769,2026-07-13,C2019,P1049,9,84.28,5,37.93,720.59,Site Visit / Contractor Order,Credit (30 days),Completed
S12319,ORD5770,2025-12-13,C2003,P1026,1,7306.62,15,1095.99,6210.63,Phone Order,UPI,Cancelled
S12320,ORD5771,2024-03-13,C2043,P1002,17,122.29,5,103.95,1974.98,Site Visit / Contractor Order,Debit Card,Completed
S12321,ORD5771,2024-03-13,C2043,P1014,5,950.32,0,0.00,4751.60,Site Visit / Contractor Order,Debit Card,Completed
S12322,ORD5771,2024-03-13,C2043,P1039,3,17126.44,5,2568.97,48810.35,Site Visit / Contractor Order,Debit Card,Completed
S12323,ORD5771,2024-03-13,C2043,P1007,24,50.91,0,0.00,1221.84,Site Visit / Contractor Order,Debit Card,Completed
S12324,ORD5772,2025-05-28,C2020,P1006,18,147.09,10,264.76,2382.86,Website,UPI,Completed
S12325,ORD5772,2025-05-28,C2020,P1032,2,8120.08,0,0.00,16240.16,Website,UPI,Completed
S12326,ORD5772,2025-05-28,C2020,P1040,4,10577.02,0,0.00,42308.08,Website,UPI,Completed
S12327,ORD5773,2025-09-19,C2016,P1062,32,121.84,0,0.00,3898.88,Site Visit / Contractor Order,UPI,Completed
S12328,ORD5773,2025-09-19,C2016,P1009,34,43.74,0,0.00,1487.16,Site Visit / Contractor Order,UPI,Completed
S12329,ORD5773,2025-09-19,C2016,P1006,35,147.09,0,0.00,5148.15,Site Visit / Contractor Order,UPI,Completed
S12330,ORD5773,2025-09-19,C2016,P1057,7,129.53,10,90.67,816.04,Site Visit / Contractor Order,UPI,Completed
S12331,ORD5773,2025-09-19,C2016,P1005,2,77.51,0,0.00,155.02,Site Visit / Contractor Order,UPI,Completed
S12332,ORD5774,2025-07-30,C2079,P1002,23,122.29,5,140.63,2672.04,Website,Bank Transfer,Pending
S12333,ORD5774,2025-07-30,C2079,P1006,21,147.09,15,463.33,2625.56,Website,Bank Transfer,Pending
S12334,ORD5774,2025-07-30,C2079,P1007,22,50.91,15,168.00,952.02,Website,Bank Transfer,Pending
S12335,ORD5774,2025-07-30,C2079,P1041,5,3937.79,0,0.00,19688.95,Website,Bank Transfer,Pending
S12336,ORD5774,2025-07-30,C2079,P1062,17,121.84,5,103.56,1967.72,Website,Bank Transfer,Pending
S12337,ORD5775,2026-01-26,C2048,P1017,2,736.61,0,0.00,1473.22,Website,Bank Transfer,Cancelled
S12338,ORD5775,2026-01-26,C2048,P1054,8,177.02,10,141.62,1274.54,Website,Bank Transfer,Cancelled
S12339,ORD5776,2025-09-07,C2103,P1025,1,613.26,0,0.00,613.26,Site Visit / Contractor Order,Credit Card,Completed
S12340,ORD5776,2025-09-07,C2103,P1028,3,9015.25,0,0.00,27045.75,Site Visit / Contractor Order,Credit Card,Completed
S12341,ORD5776,2025-09-07,C2103,P1026,3,7306.62,5,1095.99,20823.87,Site Visit / Contractor Order,Credit Card,Completed
S12342,ORD5776,2025-09-07,C2103,P1030,1,4994.96,0,0.00,4994.96,Site Visit / Contractor Order,Credit Card,Completed
S12343,ORD5777,2026-05-18,C2099,P1020,2,257.12,0,0.00,514.24,Showroom,UPI,Cancelled
S12344,ORD5777,2026-05-18,C2099,P1027,3,9174.46,5,1376.17,26147.21,Showroom,UPI,Cancelled
S12345,ORD5777,2026-05-18,C2099,P1049,7,84.28,15,88.49,501.47,Showroom,UPI,Cancelled
S12346,ORD5778,2025-11-10,C2013,P1029,4,5539.10,0,0.00,22156.40,Phone Order,Cheque,Returned
S12347,ORD5778,2025-11-10,C2013,P1060,12,129.76,5,77.86,1479.26,Phone Order,Cheque,Returned
S12348,ORD5778,2025-11-10,C2013,P1033,3,2158.06,0,0.00,6474.18,Phone Order,Cheque,Returned
S12349,ORD5778,2025-11-10,C2013,P1016,3,1091.69,5,163.75,3111.32,Phone Order,Cheque,Returned
S12350,ORD5779,2025-06-16,C2029,P1033,2,2158.06,0,0.00,4316.12,Site Visit / Contractor Order,UPI,Pending
S12351,ORD5779,2025-06-16,C2029,P1009,3,43.74,0,0.00,131.22,Site Visit / Contractor Order,UPI,Pending
S12352,ORD5779,2025-06-16,C2029,P1049,35,84.28,0,0.00,2949.80,Site Visit / Contractor Order,UPI,Pending
S12353,ORD5779,2025-06-16,C2029,P1047,2,2185.83,0,0.00,4371.66,Site Visit / Contractor Order,UPI,Pending
S12354,ORD5780,2024-02-06,C2029,P1020,4,257.12,10,102.85,925.63,Showroom,Cheque,Cancelled
S12355,ORD5780,2024-02-06,C2029,P1038,3,17932.15,0,0.00,53796.45,Showroom,Cheque,Cancelled
S12356,ORD5780,2024-02-06,C2029,P1045,6,2349.19,0,0.00,14095.14,Showroom,Cheque,Cancelled
S12357,ORD5780,2024-02-06,C2029,P1019,1,264.47,0,0.00,264.47,Showroom,Cheque,Cancelled
S12358,ORD5780,2024-02-06,C2029,P1012,29,51.71,15,224.94,1274.65,Showroom,Cheque,Cancelled
S12359,ORD5781,2024-06-16,C2053,P1055,5,55.79,0,0.00,278.95,Website,Cash,Completed
S12360,ORD5781,2024-06-16,C2053,P1017,2,736.61,0,0.00,1473.22,Website,Cash,Completed
S12361,ORD5782,2026-08-17,C2006,P1020,1,257.12,0,0.00,257.12,Showroom,Credit Card,Completed
S12362,ORD5783,2024-02-07,C2120,P1054,13,177.02,0,0.00,2301.26,Showroom,Credit Card,Pending
S12363,ORD5783,2024-02-07,C2120,P1012,10,51.71,0,0.00,517.10,Showroom,Credit Card,Pending
S12364,ORD5783,2024-02-07,C2120,P1034,5,2889.86,5,722.47,13726.83,Showroom,Credit Card,Pending
S12365,ORD5783,2024-02-07,C2120,P1023,6,274.90,0,0.00,1649.40,Showroom,Credit Card,Pending
S12366,ORD5784,2024-05-29,C2050,P1022,4,550.30,5,110.06,2091.14,Showroom,Cheque,Completed
S12367,ORD5784,2024-05-29,C2050,P1040,2,10577.02,0,0.00,21154.04,Showroom,Cheque,Completed
S12368,ORD5784,2024-05-29,C2050,P1009,37,43.74,15,242.76,1375.62,Showroom,Cheque,Completed
S12369,ORD5784,2024-05-29,C2050,P1017,5,736.61,0,0.00,3683.05,Showroom,Cheque,Completed
S12370,ORD5784,2024-05-29,C2050,P1030,1,4994.96,15,749.24,4245.72,Showroom,Cash,Completed
S12371,ORD5785,2025-11-23,C2072,P1056,28,107.71,15,452.38,2563.50,Showroom,Cash,Completed
S12372,ORD5785,2025-11-23,C2072,P1052,16,180.78,0,0.00,2892.48,Showroom,Cash,Completed
S12373,ORD5785,2025-11-23,C2072,P1002,33,122.29,0,0.00,4035.57,Showroom,Cash,Completed
S12374,ORD5785,2025-11-23,C2072,P1061,35,35.53,5,62.18,1181.37,Showroom,Cash,Completed
S12375,ORD5785,2025-11-23,C2072,P1027,4,9174.46,15,5504.68,31193.16,Showroom,Cash,Completed
S12376,ORD5786,2025-02-23,C2097,P1061,20,35.53,0,0.00,710.60,Phone Order,Cash,Returned
S12377,ORD5786,2025-02-23,C2097,P1012,38,51.71,10,196.50,1768.48,Phone Order,Cash,Returned
S12378,ORD5786,2025-02-23,C2097,P1027,1,9174.46,0,0.00,9174.46,Phone Order,Cash,Returned
S12379,ORD5786,2025-02-23,C2097,P1049,8,84.28,5,33.71,640.53,Phone Order,Cash,Returned
S12380,ORD5787,2025-08-06,C2106,P1021,4,479.49,10,191.80,1726.16,Website,Credit Card,Completed
S12381,ORD5787,2025-08-06,C2106,P1030,1,4994.96,0,0.00,4994.96,Website,Credit Card,Completed
S12382,ORD5787,2025-08-06,C2106,P1009,37,43.74,0,0.00,1618.38,Website,Credit Card,Completed
S12383,ORD5787,2025-08-06,C2106,P1032,5,8120.08,5,2030.02,38570.38,Website,Credit Card,Completed
S12384,ORD5788,2026-05-26,C2020,P1047,6,2185.83,0,0.00,13114.98,Site Visit / Contractor Order,Cash,Completed
S12385,ORD5788,2026-05-26,C2020,P1005,34,77.51,0,0.00,2635.34,Site Visit / Contractor Order,Cash,Completed
S12386,ORD5788,2026-05-26,C2020,P1037,4,11451.05,0,0.00,45804.20,Site Visit / Contractor Order,Cash,Completed
S12387,ORD5789,2024-08-15,C2097,P1019,5,264.47,5,66.12,1256.23,Phone Order,Cash,Returned
S12388,ORD5789,2024-08-15,C2097,P1004,40,157.89,15,947.34,5368.26,Phone Order,Cash,Returned
S12389,ORD5790,2026-05-23,C2018,P1008,15,43.90,0,0.00,658.50,Website,Cash,Completed
S12390,ORD5790,2026-05-23,C2018,P1042,1,16071.09,0,0.00,16071.09,Website,Cash,Completed
S12391,ORD5790,2026-05-23,C2018,P1014,2,950.32,15,285.10,1615.54,Website,Cash,Completed
S12392,ORD5791,2024-09-18,C2024,P1001,24,133.12,0,0.00,3194.88,Showroom,Debit Card,Returned
S12393,ORD5791,2024-09-18,C2024,P1015,5,1318.46,0,0.00,6592.30,Showroom,Debit Card,Returned
S12394,ORD5791,2024-09-18,C2024,P1045,4,2349.19,0,0.00,9396.76,Showroom,Debit Card,Returned
S12395,ORD5791,2024-09-18,C2024,P1007,14,50.91,0,0.00,712.74,Showroom,Debit Card,Returned
S12396,ORD5792,2025-10-09,C2045,P1041,3,3937.79,15,1772.01,10041.36,Phone Order,Debit Card,Completed
S12397,ORD5792,2025-10-09,C2045,P1008,23,43.90,0,0.00,1009.70,Phone Order,Debit Card,Completed
S12398,ORD5792,2025-10-09,C2045,P1002,39,122.29,0,0.00,4769.31,Phone Order,Debit Card,Completed
S12399,ORD5792,2025-10-09,C2045,P1013,4,431.88,0,0.00,1727.52,Phone Order,Debit Card,Completed
S12400,ORD5792,2025-10-09,C2045,P1024,1,353.21,15,52.98,300.23,Phone Order,Debit Card,Completed
S12401,ORD5793,2024-10-07,C2088,P1011,9,60.67,5,27.30,518.73,Website,UPI,Returned
S12402,ORD5793,2024-10-07,C2088,P1061,12,35.53,0,0.00,426.36,Website,UPI,Returned
S12403,ORD5793,2024-10-07,C2088,P1056,8,107.71,15,129.25,732.43,Website,UPI,Returned
S12404,ORD5793,2024-10-07,C2088,P1019,1,264.47,5,13.22,251.25,Website,UPI,Returned
S12405,ORD5793,2024-10-07,C2088,P1006,4,147.09,0,0.00,588.36,Website,UPI,Returned
S12406,ORD5794,2024-05-11,C2066,P1047,3,2185.83,0,0.00,6557.49,Site Visit / Contractor Order,UPI,Completed
S12407,ORD5794,2024-05-11,C2066,P1041,6,3937.79,0,0.00,23626.74,Site Visit / Contractor Order,UPI,Completed
S12408,ORD5794,2024-05-11,C2066,P1010,22,43.54,15,143.68,814.20,Site Visit / Contractor Order,UPI,Completed
S12409,ORD5794,2024-05-11,C2066,P1036,1,4892.01,10,489.20,4402.81,Site Visit / Contractor Order,UPI,Completed
S12410,ORD5794,2024-05-11,C2066,P1034,3,2889.86,0,0.00,8669.58,Site Visit / Contractor Order,UPI,Completed
S12411,ORD5795,2024-04-02,C2099,P1040,3,10577.02,0,0.00,31731.06,Showroom,UPI,Completed
S12412,ORD5795,2024-04-02,C2099,P1030,2,4994.96,0,0.00,9989.92,Showroom,UPI,Completed
S12413,ORD5795,2024-04-02,C2099,P1009,5,43.74,5,10.94,207.76,Showroom,UPI,Completed
S12414,ORD5795,2024-04-02,C2099,P1011,1,60.67,15,9.10,51.57,Showroom,UPI,Completed
S12415,ORD5795,2024-04-02,C2099,P1032,2,8120.08,10,1624.02,14616.14,Showroom,UPI,Completed
S12416,ORD5796,2026-03-23,C2002,P1050,40,315.82,10,1263.28,11369.52,Phone Order,Bank Transfer,Pending
S12417,ORD5796,2026-03-23,C2002,P1016,3,1091.69,0,0.00,3275.07,Phone Order,Bank Transfer,Pending
S12418,ORD5796,2026-03-23,C2002,P1045,6,2349.19,5,704.76,13390.38,Phone Order,Bank Transfer,Pending
S12419,ORD5797,2025-08-05,C2030,P1044,4,718.54,0,0.00,2874.16,Site Visit / Contractor Order,Cash,Cancelled
S12420,ORD5797,2025-08-05,C2030,P1012,23,51.71,5,59.47,1129.86,Site Visit / Contractor Order,Cash,Cancelled
S12421,ORD5797,2025-08-05,C2030,P1027,6,9174.46,0,0.00,55046.76,Site Visit / Contractor Order,Cash,Cancelled
S12422,ORD5798,2025-04-27,C2007,P1023,1,274.90,10,27.49,247.41,Phone Order,Cash,Completed
S12423,ORD5798,2025-04-27,C2007,P1008,2,43.90,0,0.00,87.80,Phone Order,Cash,Completed
S12424,ORD5798,2025-04-27,C2007,P1038,4,17932.15,0,0.00,71728.60,Phone Order,Cash,Completed
S12425,ORD5799,2025-04-03,C2030,P1003,14,136.23,0,0.00,1907.22,Showroom,Credit (30 days),Completed
S12426,ORD5799,2025-04-03,C2030,P1039,6,17126.44,0,0.00,102758.64,Showroom,Credit (30 days),Completed
S12427,ORD5799,2025-04-03,C2030,P1056,34,107.71,10,366.21,3295.93,Showroom,Credit (30 days),Completed
S12428,ORD5799,2025-04-03,C2030,P1023,6,274.90,0,0.00,1649.40,Showroom,Credit (30 days),Completed
S12429,ORD5799,2025-04-03,C2030,P1034,6,2889.86,0,0.00,17339.16,Showroom,Credit (30 days),Completed
S12430,ORD5800,2024-06-28,C2037,P1061,2,35.53,0,0.00,71.06,Site Visit / Contractor Order,Credit Card,Returned
S12431,ORD5800,2024-06-28,C2037,P1055,2,55.79,0,0.00,111.58,Site Visit / Contractor Order,Cash,Returned
S12432,ORD5800,2024-06-28,C2037,P1034,6,2889.86,0,0.00,17339.16,Site Visit / Contractor Order,Credit Card,Returned
S12433,ORD5800,2024-06-28,C2037,P1054,30,177.02,0,0.00,5310.60,Site Visit / Contractor Order,Credit Card,Returned
S12434,ORD5800,2024-06-28,C2037,P1014,3,950.32,10,285.10,2565.86,Site Visit / Contractor Order,Credit Card,Returned
S12435,ORD5801,2024-01-27,C2024,P1006,18,147.09,15,397.14,2250.48,Website,Cheque,Completed
S12436,ORD5801,2024-01-27,C2024,P1052,32,180.78,15,867.74,4917.22,Website,Cheque,Completed
S12437,ORD5801,2024-01-27,C2024,P1036,6,4892.01,0,0.00,29352.06,Website,Cheque,Completed
S12438,ORD5802,2024-01-27,C2112,P1021,6,479.49,0,0.00,2876.94,Phone Order,UPI,Completed
S12439,ORD5802,2024-01-27,C2112,P1039,5,17126.44,10,8563.22,77068.98,Phone Order,Cash,Completed
S12440,ORD5802,2024-01-27,C2112,P1027,4,9174.46,0,0.00,36697.84,Phone Order,UPI,Completed
S12441,ORD5802,2024-01-27,C2112,P1033,5,2158.06,0,0.00,10790.30,Phone Order,UPI,Completed
S12442,ORD5802,2024-01-27,C2112,P1001,31,133.12,0,0.00,4126.72,Phone Order,UPI,Completed
S12443,ORD5803,2026-04-28,C2119,P1004,23,157.89,0,0.00,3631.47,Website,Debit Card,Completed
S12444,ORD5804,2026-08-15,C2038,P1055,40,55.79,0,0.00,2231.60,Site Visit / Contractor Order,Bank Transfer,Completed
S12445,ORD5804,2026-08-15,C2038,P1058,26,123.88,0,0.00,3220.88,Site Visit / Contractor Order,Bank Transfer,Completed
S12446,ORD5804,2026-08-15,C2038,P1044,3,718.54,0,0.00,2155.62,Site Visit / Contractor Order,Bank Transfer,Completed
S12447,ORD5805,2024-07-05,C2007,P1039,4,17126.44,0,0.00,68505.76,Site Visit / Contractor Order,Debit Card,Completed
S12448,ORD5805,2024-07-05,C2007,P1060,20,129.76,10,259.52,2335.68,Site Visit / Contractor Order,Debit Card,Completed
S12449,ORD5806,2024-04-02,C2078,P1033,3,2158.06,15,971.13,5503.05,Phone Order,Cash,Pending
S12450,ORD5807,2026-04-27,C2051,P1031,6,5662.37,0,0.00,33974.22,Website,Credit Card,Completed
S12451,ORD5807,2026-04-27,C2051,P1038,4,17932.15,10,7172.86,64555.74,Website,Credit Card,Completed
S12452,ORD5807,2026-04-27,C2051,P1030,3,4994.96,0,0.00,14984.88,Website,Credit Card,Completed
S12453,ORD5808,2026-06-27,C2071,P1038,2,17932.15,0,0.00,35864.30,Site Visit / Contractor Order,Credit (30 days),Returned
S12454,ORD5809,2024-01-05,C2003,P1018,1,389.15,0,0.00,389.15,Site Visit / Contractor Order,Credit (30 days),Completed
S12455,ORD5809,2024-01-05,C2003,P1037,2,11451.05,0,0.00,22902.10,Site Visit / Contractor Order,Credit (30 days),Completed
S12456,ORD5809,2024-01-05,C2003,P1016,4,1091.69,10,436.68,3930.08,Site Visit / Contractor Order,Credit (30 days),Completed
S12457,ORD5809,2024-01-05,C2003,P1028,3,9015.25,15,4056.86,22988.89,Site Visit / Contractor Order,Credit (30 days),Completed
S12458,ORD5810,2025-11-13,C2033,P1011,20,60.67,5,60.67,1152.73,Site Visit / Contractor Order,Cheque,Completed
S12459,ORD5810,2025-11-13,C2033,P1008,23,43.90,15,151.46,858.24,Site Visit / Contractor Order,Cheque,Completed
S12460,ORD5811,2024-08-21,C2065,P1005,23,77.51,0,0.00,1782.73,Website,Credit Card,Completed
S12461,ORD5811,2024-08-21,C2065,P1015,4,1318.46,0,0.00,5273.84,Website,Credit Card,Completed
S12462,ORD5811,2024-08-21,C2065,P1031,3,5662.37,15,2548.07,14439.04,Website,Credit Card,Completed
S12463,ORD5811,2024-08-21,C2065,P1039,1,17126.44,0,0.00,17126.44,Website,Credit Card,Completed
S12464,ORD5811,2024-08-21,C2065,P1035,6,9670.80,0,0.00,58024.80,Website,Credit Card,Completed
S12465,ORD5812,2025-08-24,C2060,P1008,14,43.90,0,0.00,614.60,Showroom,UPI,Cancelled
S12466,ORD5812,2025-08-24,C2060,P1044,6,718.54,0,0.00,4311.24,Showroom,UPI,Cancelled
S12467,ORD5813,2025-12-18,C2119,P1057,37,129.53,0,0.00,4792.61,Showroom,Bank Transfer,Returned
S12468,ORD5813,2025-12-18,C2119,P1024,2,353.21,0,0.00,706.42,Showroom,Bank Transfer,Returned
S12469,ORD5813,2025-12-18,C2119,P1047,2,2185.83,0,0.00,4371.66,Showroom,Bank Transfer,Returned
S12470,ORD5813,2025-12-18,C2119,P1053,14,214.82,5,150.37,2857.11,Showroom,Bank Transfer,Returned
S12471,ORD5813,2025-12-18,C2119,P1016,4,1091.69,0,0.00,4366.76,Showroom,Bank Transfer,Returned
S12472,ORD5814,2024-03-17,C2066,P1001,11,133.12,15,219.65,1244.67,Website,Cash,Completed
S12473,ORD5814,2024-03-17,C2066,P1060,36,129.76,0,0.00,4671.36,Website,Bank Transfer,Completed
S12474,ORD5815,2024-07-21,C2012,P1024,3,353.21,0,0.00,1059.63,Phone Order,Bank Transfer,Completed
S12475,ORD5815,2024-07-21,C2012,P1030,5,4994.96,0,0.00,24974.80,Phone Order,Bank Transfer,Completed
S12476,ORD5815,2024-07-21,C2012,P1057,31,129.53,15,602.31,3413.12,Phone Order,Bank Transfer,Completed
S12477,ORD5815,2024-07-21,C2012,P1043,4,3079.11,0,0.00,12316.44,Phone Order,Bank Transfer,Completed
S12478,ORD5816,2024-07-18,C2110,P1004,19,157.89,0,0.00,2999.91,Showroom,Credit Card,Cancelled
S12479,ORD5816,2024-07-18,C2110,P1009,25,43.74,0,0.00,1093.50,Showroom,Credit Card,Cancelled
S12480,ORD5816,2024-07-18,C2110,P1034,3,2889.86,0,0.00,8669.58,Showroom,Credit Card,Cancelled
S12481,ORD5816,2024-07-18,C2110,P1036,3,4892.01,5,733.80,13942.23,Showroom,Credit Card,Cancelled
S12482,ORD5817,2024-02-10,C2005,P1061,38,35.53,10,135.01,1215.13,Website,Credit (30 days),Completed
S12483,ORD5817,2024-02-10,C2005,P1021,3,479.49,10,143.85,1294.62,Website,Credit (30 days),Completed
S12484,ORD5817,2024-02-10,C2005,P1049,4,84.28,0,0.00,337.12,Website,Credit (30 days),Completed
S12485,ORD5817,2024-02-10,C2005,P1012,18,51.71,0,0.00,930.78,Website,Credit (30 days),Completed
S12486,ORD5818,2024-11-20,C2085,P1059,23,72.77,0,0.00,1673.71,Phone Order,Credit Card,Cancelled
S12487,ORD5818,2024-11-20,C2085,P1008,27,43.90,0,0.00,1185.30,Phone Order,Credit Card,Cancelled
S12488,ORD5818,2024-11-20,C2085,P1053,14,214.82,5,150.37,2857.11,Phone Order,Credit Card,Cancelled
S12489,ORD5818,2024-11-20,C2085,P1041,3,3937.79,0,0.00,11813.37,Phone Order,Credit Card,Cancelled
S12490,ORD5818,2024-11-20,C2085,P1058,29,123.88,0,0.00,3592.52,Phone Order,Credit Card,Cancelled
S12491,ORD5819,2025-06-07,C2046,P1057,23,129.53,10,297.92,2681.27,Phone Order,Cash,Pending
S12492,ORD5819,2025-06-07,C2046,P1019,3,264.47,0,0.00,793.41,Phone Order,Cash,Pending
S12493,ORD5819,2025-06-07,C2046,P1036,3,4892.01,10,1467.60,13208.43,Phone Order,Cash,Pending
S12494,ORD5819,2025-06-07,C2046,P1032,6,8120.08,0,0.00,48720.48,Phone Order,Cash,Pending
S12495,ORD5820,2025-07-30,C2028,P1054,39,177.02,0,0.00,6903.78,Site Visit / Contractor Order,Credit (30 days),Completed
S12496,ORD5820,2025-07-30,C2028,P1043,3,3079.11,5,461.87,8775.46,Site Visit / Contractor Order,Cash,Completed
S12497,ORD5820,2025-07-30,C2028,P1007,34,50.91,0,0.00,1730.94,Site Visit / Contractor Order,Credit (30 days),Completed
S12498,ORD5820,2025-07-30,C2028,P1015,6,1318.46,0,0.00,7910.76,Site Visit / Contractor Order,Credit (30 days),Completed
S12499,ORD5820,2025-07-30,C2028,P1039,6,17126.44,0,0.00,102758.64,Site Visit / Contractor Order,Credit (30 days),Completed
S12500,ORD5821,2026-04-27,C2097,P1034,1,2889.86,10,288.99,2600.87,Website,Debit Card,Returned
S12501,ORD5821,2026-04-27,C2097,P1003,19,136.23,5,129.42,2458.95,Website,Debit Card,Returned
S12502,ORD5822,2026-08-26,C2036,P1011,8,60.67,5,24.27,461.09,Website,Debit Card,Cancelled
S12503,ORD5823,2026-06-09,C2077,P1051,9,188.54,15,254.53,1442.33,Phone Order,Credit Card,Completed
S12504,ORD5824,2024-10-06,C2116,P1022,6,550.30,0,0.00,3301.80,Website,Debit Card,Pending
S12505,ORD5825,2025-12-22,C2065,P1056,12,107.71,0,0.00,1292.52,Phone Order,Credit Card,Completed
S12506,ORD5826,2025-11-04,C2021,P1063,17,112.97,0,0.00,1920.49,Website,Cheque,Returned
S12507,ORD5826,2025-11-04,C2021,P1014,5,950.32,5,237.58,4514.02,Website,Cheque,Returned
S12508,ORD5826,2025-11-04,C2021,P1055,16,55.79,15,133.90,758.74,Website,Cheque,Returned
S12509,ORD5826,2025-11-04,C2021,P1009,5,43.74,0,0.00,218.70,Website,Cheque,Returned
S12510,ORD5827,2025-05-24,C2017,P1022,3,550.30,0,0.00,1650.90,Showroom,Cash,Completed
S12511,ORD5827,2025-05-24,C2017,P1045,4,2349.19,0,0.00,9396.76,Showroom,Cash,Completed
S12512,ORD5827,2025-05-24,C2017,P1005,22,77.51,15,255.78,1449.44,Showroom,Cash,Completed
S12513,ORD5827,2025-05-24,C2017,P1009,30,43.74,0,0.00,1312.20,Showroom,Cash,Completed
S12514,ORD5828,2026-09-08,C2036,P1007,15,50.91,10,76.36,687.29,Phone Order,UPI,Returned
S12515,ORD5828,2026-09-08,C2036,P1001,23,133.12,0,0.00,3061.76,Phone Order,UPI,Returned
S12516,ORD5828,2026-09-08,C2036,P1009,3,43.74,0,0.00,131.22,Phone Order,UPI,Returned
S12517,ORD5828,2026-09-08,C2036,P1057,37,129.53,0,0.00,4792.61,Phone Order,UPI,Returned
S12518,ORD5829,2026-07-11,C2113,P1011,1,60.67,10,6.07,54.60,Website,UPI,Pending
S12519,ORD5829,2026-07-11,C2113,P1002,5,122.29,0,0.00,611.45,Website,UPI,Pending
S12520,ORD5829,2026-07-11,C2113,P1045,6,2349.19,15,2114.27,11980.87,Website,UPI,Pending
S12521,ORD5829,2026-07-11,C2113,P1024,3,353.21,0,0.00,1059.63,Website,UPI,Pending
S12522,ORD5830,2024-03-06,C2096,P1060,21,129.76,15,408.74,2316.22,Phone Order,Credit Card,Completed
S12523,ORD5830,2024-03-06,C2096,P1019,6,264.47,0,0.00,1586.82,Phone Order,Credit Card,Completed
S12524,ORD5830,2024-03-06,C2096,P1016,5,1091.69,0,0.00,5458.45,Phone Order,Credit Card,Completed
S12525,ORD5830,2024-03-06,C2096,P1035,1,9670.80,0,0.00,9670.80,Phone Order,Credit Card,Completed
S12526,ORD5831,2026-09-06,C2087,P1008,8,43.90,0,0.00,351.20,Phone Order,UPI,Cancelled
S12527,ORD5831,2026-09-06,C2087,P1016,3,1091.69,0,0.00,3275.07,Phone Order,Cash,Cancelled
S12528,ORD5831,2026-09-06,C2087,P1058,22,123.88,0,0.00,2725.36,Phone Order,UPI,Cancelled
S12529,ORD5831,2026-09-06,C2087,P1052,16,180.78,0,0.00,2892.48,Phone Order,UPI,Cancelled
S12530,ORD5831,2026-09-06,C2087,P1018,2,389.15,0,0.00,778.30,Phone Order,UPI,Cancelled
S12531,ORD5832,2024-02-27,C2036,P1047,5,2185.83,0,0.00,10929.15,Showroom,Cash,Completed
S12532,ORD5832,2024-02-27,C2036,P1017,2,736.61,0,0.00,1473.22,Showroom,Cash,Completed
S12533,ORD5833,2024-11-12,C2031,P1011,27,60.67,0,0.00,1638.09,Site Visit / Contractor Order,Cash,Completed
S12534,ORD5833,2024-11-12,C2031,P1042,3,16071.09,0,0.00,48213.27,Site Visit / Contractor Order,Cash,Completed
S12535,ORD5833,2024-11-12,C2031,P1026,4,7306.62,0,0.00,29226.48,Site Visit / Contractor Order,Cash,Completed
S12536,ORD5834,2024-09-16,C2007,P1038,5,17932.15,0,0.00,89660.75,Showroom,Credit Card,Completed
S12537,ORD5834,2024-09-16,C2007,P1053,33,214.82,10,708.91,6380.15,Showroom,Credit Card,Completed
S12538,ORD5834,2024-09-16,C2007,P1039,2,17126.44,0,0.00,34252.88,Showroom,Credit Card,Completed
S12539,ORD5834,2024-09-16,C2007,P1016,2,1091.69,0,0.00,2183.38,Showroom,Credit Card,Completed
S12540,ORD5834,2024-09-16,C2007,P1041,5,3937.79,5,984.45,18704.50,Showroom,Credit Card,Completed
S12541,ORD5835,2025-10-21,C2016,P1047,2,2185.83,0,0.00,4371.66,Website,Cash,Completed
S12542,ORD5835,2025-10-21,C2016,P1002,10,122.29,15,183.44,1039.46,Website,UPI,Completed
S12543,ORD5836,2025-12-18,C2059,P1027,1,9174.46,0,0.00,9174.46,Phone Order,Debit Card,Completed
S12544,ORD5837,2024-10-27,C2036,P1024,3,353.21,0,0.00,1059.63,Phone Order,Credit (30 days),Returned
S12545,ORD5837,2024-10-27,C2036,P1036,5,4892.01,0,0.00,24460.05,Phone Order,Credit (30 days),Returned
S12546,ORD5837,2024-10-27,C2036,P1026,2,7306.62,0,0.00,14613.24,Phone Order,Credit (30 days),Returned
S12547,ORD5838,2026-06-08,C2051,P1020,5,257.12,15,192.84,1092.76,Website,Cheque,Completed
S12548,ORD5838,2026-06-08,C2051,P1041,4,3937.79,0,0.00,15751.16,Website,Cash,Completed
S12549,ORD5838,2026-06-08,C2051,P1044,6,718.54,0,0.00,4311.24,Website,Cheque,Completed
S12550,ORD5838,2026-06-08,C2051,P1006,17,147.09,0,0.00,2500.53,Website,Cheque,Completed
S12551,ORD5839,2024-07-31,C2020,P1016,1,1091.69,0,0.00,1091.69,Showroom,Debit Card,Completed
S12552,ORD5839,2024-07-31,C2020,P1006,38,147.09,0,0.00,5589.42,Showroom,Debit Card,Completed
S12553,ORD5839,2024-07-31,C2020,P1023,2,274.90,0,0.00,549.80,Showroom,Debit Card,Completed
S12554,ORD5840,2026-02-25,C2109,P1057,11,129.53,0,0.00,1424.83,Showroom,Cheque,Completed
S12555,ORD5840,2026-02-25,C2109,P1044,2,718.54,5,71.85,1365.23,Showroom,Cheque,Completed
S12556,ORD5840,2026-02-25,C2109,P1062,6,121.84,0,0.00,731.04,Showroom,Cheque,Completed
S12557,ORD5840,2026-02-25,C2109,P1036,2,4892.01,10,978.40,8805.62,Showroom,Cheque,Completed
S12558,ORD5840,2026-02-25,C2109,P1035,3,9670.80,0,0.00,29012.40,Showroom,Cheque,Completed
S12559,ORD5841,2024-12-10,C2099,P1052,35,180.78,15,949.10,5378.20,Website,Debit Card,Completed
S12560,ORD5841,2024-12-10,C2099,P1029,3,5539.10,10,1661.73,14955.57,Website,Cash,Completed
S12561,ORD5842,2024-03-15,C2048,P1009,8,43.74,0,0.00,349.92,Showroom,Bank Transfer,Cancelled
S12562,ORD5842,2024-03-15,C2048,P1006,2,147.09,0,0.00,294.18,Showroom,Bank Transfer,Cancelled
S12563,ORD5842,2024-03-15,C2048,P1042,1,16071.09,5,803.55,15267.54,Showroom,Bank Transfer,Cancelled
S12564,ORD5842,2024-03-15,C2048,P1063,39,112.97,0,0.00,4405.83,Showroom,Bank Transfer,Cancelled
S12565,ORD5843,2024-01-25,C2097,P1010,5,43.54,5,10.88,206.82,Website,Debit Card,Returned
S12566,ORD5843,2024-01-25,C2097,P1057,22,129.53,5,142.48,2707.18,Website,Debit Card,Returned
S12567,ORD5843,2024-01-25,C2097,P1017,3,736.61,15,331.47,1878.36,Website,Debit Card,Returned
S12568,ORD5843,2024-01-25,C2097,P1032,1,8120.08,15,1218.01,6902.07,Website,Cash,Returned
S12569,ORD5843,2024-01-25,C2097,P1024,2,353.21,0,0.00,706.42,Website,Cash,Returned
S12570,ORD5844,2025-02-14,C2055,P1025,1,613.26,0,0.00,613.26,Phone Order,Bank Transfer,Returned
S12571,ORD5844,2025-02-14,C2055,P1043,6,3079.11,10,1847.47,16627.19,Phone Order,Cash,Returned
S12572,ORD5844,2025-02-14,C2055,P1062,21,121.84,0,0.00,2558.64,Phone Order,Bank Transfer,Returned
S12573,ORD5844,2025-02-14,C2055,P1026,1,7306.62,5,365.33,6941.29,Phone Order,Bank Transfer,Returned
S12574,ORD5844,2025-02-14,C2055,P1002,9,122.29,0,0.00,1100.61,Phone Order,Bank Transfer,Returned
S12575,ORD5845,2025-10-19,C2030,P1045,4,2349.19,15,1409.51,7987.25,Showroom,Cheque,Completed
S12576,ORD5845,2025-10-19,C2030,P1061,5,35.53,0,0.00,177.65,Showroom,Cheque,Completed
S12577,ORD5845,2025-10-19,C2030,P1060,3,129.76,5,19.46,369.82,Showroom,Cheque,Completed
S12578,ORD5846,2025-03-28,C2095,P1037,2,11451.05,0,0.00,22902.10,Site Visit / Contractor Order,Debit Card,Completed
S12579,ORD5846,2025-03-28,C2095,P1024,3,353.21,0,0.00,1059.63,Site Visit / Contractor Order,Debit Card,Completed
S12580,ORD5846,2025-03-28,C2095,P1029,1,5539.10,0,0.00,5539.10,Site Visit / Contractor Order,Debit Card,Completed
S12581,ORD5846,2025-03-28,C2095,P1041,3,3937.79,0,0.00,11813.37,Site Visit / Contractor Order,Debit Card,Completed
S12582,ORD5846,2025-03-28,C2095,P1013,3,431.88,5,64.78,1230.86,Site Visit / Contractor Order,Debit Card,Completed
S12583,ORD5847,2025-03-10,C2085,P1024,5,353.21,15,264.91,1501.14,Site Visit / Contractor Order,Credit Card,Pending
S12584,ORD5847,2025-03-10,C2085,P1034,1,2889.86,0,0.00,2889.86,Site Visit / Contractor Order,Credit Card,Pending
S12585,ORD5847,2025-03-10,C2085,P1002,2,122.29,0,0.00,244.58,Site Visit / Contractor Order,Credit Card,Pending
S12586,ORD5847,2025-03-10,C2085,P1061,2,35.53,0,0.00,71.06,Site Visit / Contractor Order,Credit Card,Pending
S12587,ORD5848,2025-01-16,C2083,P1043,6,3079.11,5,923.73,17550.93,Website,Credit (30 days),Completed
S12588,ORD5848,2025-01-16,C2083,P1040,2,10577.02,0,0.00,21154.04,Website,Credit (30 days),Completed
S12589,ORD5849,2024-10-01,C2046,P1034,1,2889.86,0,0.00,2889.86,Website,Bank Transfer,Cancelled
S12590,ORD5849,2024-10-01,C2046,P1018,4,389.15,15,233.49,1323.11,Website,Bank Transfer,Cancelled
S12591,ORD5849,2024-10-01,C2046,P1017,3,736.61,15,331.47,1878.36,Website,Bank Transfer,Cancelled
S12592,ORD5849,2024-10-01,C2046,P1056,4,107.71,0,0.00,430.84,Website,Bank Transfer,Cancelled
S12593,ORD5849,2024-10-01,C2046,P1062,2,121.84,0,0.00,243.68,Website,Bank Transfer,Cancelled
S12594,ORD5850,2026-05-11,C2076,P1053,34,214.82,15,1095.58,6208.30,Site Visit / Contractor Order,Bank Transfer,Cancelled
S12595,ORD5850,2026-05-11,C2076,P1023,4,274.90,0,0.00,1099.60,Site Visit / Contractor Order,Bank Transfer,Cancelled
S12596,ORD5850,2026-05-11,C2076,P1038,2,17932.15,5,1793.21,34071.09,Site Visit / Contractor Order,Bank Transfer,Cancelled
S12597,ORD5850,2026-05-11,C2076,P1030,3,4994.96,5,749.24,14235.64,Site Visit / Contractor Order,Bank Transfer,Cancelled
